0,41
1,1
2,2
3,63
4,22
5,13
6,65
7,7
8,8
9,7
10,10
11,11
12,12
13,15
14,16
15,19
16,16
17,22
18,7
19,24
20,13
21,85
22,37
23,83
24,29
25,72
26,70
27,2
28,33
29,64
30,10
31,36
32,12
33,7
34,33
35,4
36,40
37,42
38,81
39,48
40,17
41,50
42,52
43,17
44,42
45,54
46,36
47,24
48,47
49,57
50,65
51,12
52,59
53,60
54,61
55,54
56,30
57,65
58,48
59,36
60,7
61,47
62,66
63,67
64,13
65,22
66,69
67,83
68,6
69,12
70,13
71,31
72,73
73,74
74,1
75,54
76,75
77,54
78,67
79,4
80,33
81,63
82,65
83,74
84,65
85,33
86,80
87,31
88,83
89,85
90,17
91,48
92,23
93,48
94,47
95,49
96,74
97,2
98,52
99,51
100,33
101,7
102,80
103,55
104,30
105,80
106,81
107,74
108,7
109,50
110,22
111,9
112,81
113,1
114,7
115,62
116,11
117,52
118,7
119,1
120,65
121,10
122,80
123,53
124,65
125,70
126,36
127,10
128,63
129,33
130,12
131,64
132,7
133,74
134,81
135,70
136,50
137,81
138,12
139,30
140,16
141,83
142,85
143,13
144,72
145,76
146,31
147,70
148,74
149,65
150,76
151,53
152,54
153,4
154,81
155,31
156,50
157,77
158,12
159,64
160,83
161,33
162,78
163,47
164,74
165,38
166,8
167,79
168,74
169,13
170,33
171,67
172,67
173,54
174,83
175,42
176,81
177,9
178,38
179,59
180,50
181,13
182,19
183,22
184,10
185,64
186,19
187,24
188,84
189,0
190,17
191,81
192,48
193,4
194,9
195,1
196,78
197,84
198,16
199,16
200,33
201,7
202,60
203,60
204,70
205,2
206,1
207,85
208,9
209,7
210,48
211,64
212,64
213,7
214,7
215,84
216,68
217,48
218,76
219,7
220,81
221,52
222,66
223,16
224,7
225,60
226,47
227,36
228,10
229,74
230,72
231,49
232,10
233,62
234,13
235,47
236,47
237,0
238,7
239,9
240,3
241,11
242,7
243,4
244,9
245,5
246,19
247,22
248,36
249,82
250,30
251,6
252,48
253,13
254,1
255,85
256,57
257,65
258,19
259,42
260,64
261,82
262,2
263,65
264,9
265,76
266,37
267,83
268,70
269,51
270,14
271,70
272,47
273,74
274,18
275,6
276,57
277,42
278,19
279,84
280,84
281,40
282,17
283,81
284,22
285,48
286,7
287,9
288,10
289,62
290,20
291,61
292,70
293,3
294,23
295,50
296,13
297,33
298,66
299,11
300,42
301,16
302,7
303,52
304,19
305,83
306,7
307,31
308,12
309,85
310,85
311,64
312,9
313,68
314,0
315,67
316,81
317,70
318,7
319,13
320,65
321,22
322,53
323,37
324,16
325,1
326,81
327,81
328,74
329,84
330,21
331,38
332,50
333,62
334,22
335,21
336,53
337,82
338,48
339,74
340,25
341,0
342,64
343,47
344,48
345,2
346,26
347,24
348,2
349,0
350,13
351,12
352,81
353,74
354,82
355,4
356,50
357,53
358,7
359,8
360,80
361,48
362,83
363,65
364,22
365,57
366,7
367,64
368,17
369,27
370,26
371,81
372,81
373,1
374,36
375,7
376,13
377,48
378,67
379,52
380,67
381,22
382,22
383,50
384,7
385,10
386,24
387,9
388,17
389,65
390,63
391,65
392,85
393,85
394,7
395,82
396,28
397,30
398,38
399,48
400,81
401,38
402,61
403,6
404,57
405,7
406,31
407,40
408,12
409,64
410,82
411,66
412,65
413,53
414,82
415,64
416,65
417,82
418,59
419,19
420,7
421,7
422,36
423,77
424,4
425,52
426,21
427,9
428,74
429,77
430,33
431,7
432,79
433,4
434,83
435,3
436,19
437,76
438,7
439,81
440,74
441,32
442,4
443,33
444,74
445,82
446,82
447,11
448,63
449,85
450,22
451,60
452,10
453,3
454,21
455,21
456,42
457,10
458,62
459,63
460,60
461,23
462,37
463,24
464,81
465,31
466,48
467,65
468,63
469,34
470,52
471,82
472,35
473,74
474,26
475,76
476,48
477,82
478,80
479,81
480,6
481,50
482,42
483,2
484,50
485,10
486,72
487,1
488,62
489,37
490,74
491,60
492,82
493,23
494,12
495,70
496,63
497,67
498,84
499,48
500,50
501,42
502,9
503,26
504,65
505,19
506,47
507,38
508,20
509,67
510,10
511,78
512,81
513,65
514,42
515,82
516,10
517,12
518,22
519,27
520,19
521,42
522,10
523,19
524,52
525,13
526,74
527,7
528,13
529,39
530,81
531,74
532,16
533,31
534,34
535,47
536,22
537,41
538,84
539,84
540,7
541,22
542,4
543,1
544,10
545,13
546,80
547,74
548,42
549,74
550,63
551,81
552,65
553,82
554,61
555,72
556,47
557,74
558,13
559,84
560,12
561,40
562,2
563,52
564,32
565,70
566,72
567,85
568,19
569,84
570,29
571,84
572,82
573,41
574,3
575,7
576,52
577,65
578,38
579,83
580,37
581,61
582,9
583,23
584,42
585,7
586,33
587,74
588,16
589,7
590,84
591,25
592,72
593,65
594,63
595,9
596,19
597,64
598,36
599,64
600,53
601,9
602,74
603,22
604,10
605,42
606,4
607,30
608,60
609,81
610,68
611,85
612,59
613,81
614,13
615,14
616,52
617,60
618,63
619,77
620,1
621,10
622,10
623,41
624,32
625,72
626,36
627,41
628,81
629,22
630,13
631,16
632,21
633,48
634,63
635,65
636,14
637,2
638,64
639,50
640,81
641,68
642,1
643,13
644,29
645,27
646,37
647,34
648,4
649,63
650,40
651,80
652,51
653,33
654,63
655,7
656,8
657,49
658,83
659,37
660,13
661,7
662,22
663,30
664,52
665,37
666,48
667,62
668,81
669,43
670,66
671,64
672,65
673,53
674,79
675,74
676,65
677,52
678,29
679,12
680,7
681,51
682,60
683,80
684,74
685,84
686,10
687,63
688,79
689,7
690,10
691,82
692,81
693,13
694,74
695,24
696,9
697,85
698,48
699,70
700,9
701,7
702,38
703,83
704,50
705,70
706,39
707,85
708,61
709,52
710,19
711,85
712,6
713,79
714,24
715,31
716,63
717,19
718,7
719,50
720,53
721,64
722,74
723,12
724,70
725,66
726,42
727,72
728,39
729,22
730,2
731,22
732,11
733,42
734,12
735,50
736,80
737,13
738,37
739,65
740,13
741,44
742,9
743,33
744,83
745,24
746,4
747,71
748,19
749,16
750,80
751,19
752,80
753,38
754,38
755,82
756,61
757,53
758,63
759,31
760,74
761,37
762,64
763,20
764,80
765,85
766,31
767,63
768,9
769,36
770,16
771,40
772,54
773,50
774,85
775,52
776,7
777,47
778,30
779,70
780,57
781,64
782,85
783,84
784,36
785,17
786,60
787,19
788,13
789,2
790,33
791,82
792,47
793,7
794,9
795,73
796,7
797,63
798,3
799,71
800,67
801,19
802,31
803,67
804,7
805,74
806,42
807,80
808,29
809,74
810,22
811,62
812,8
813,67
814,52
815,67
816,31
817,17
818,81
819,7
820,2
821,39
822,42
823,1
824,7
825,9
826,24
827,47
828,80
829,26
830,3
831,13
832,50
833,6
834,10
835,19
836,84
837,10
838,17
839,69
840,52
841,40
842,48
843,64
844,7
845,13
846,57
847,63
848,81
849,81
850,40
851,62
852,84
853,17
854,21
855,73
856,2
857,36
858,65
859,33
860,9
861,54
862,60
863,4
864,50
865,50
866,22
867,50
868,9
869,82
870,65
871,10
872,20
873,10
874,81
875,49
876,38
877,2
878,49
879,65
880,15
881,74
882,22
883,54
884,66
885,33
886,21
887,53
888,64
889,62
890,83
891,82
892,7
893,23
894,36
895,65
896,19
897,84
898,70
899,6
900,42
901,81
902,19
903,10
904,84
905,32
906,59
907,20
908,7
909,13
910,80
911,80
912,18
913,31
914,22
915,33
916,54
917,40
918,72
919,48
920,74
921,50
922,81
923,70
924,12
925,81
926,50
927,7
928,65
929,70
930,42
931,82
932,62
933,57
934,15
935,7
936,65
937,80
938,63
939,82
940,63
941,32
942,52
943,84
944,60
945,80
946,61
947,50
948,12
949,11
950,48
951,70
952,40
953,49
954,22
955,22
956,60
957,65
958,60
959,9
960,9
961,70
962,67
963,2
964,41
965,5
966,83
967,36
968,38
969,62
970,19
971,53
972,53
973,84
974,13
975,81
976,61
977,8
978,81
979,19
980,7
981,9
982,19
983,60
984,42
985,1
986,65
987,8
988,2
989,60
990,17
991,5
992,37
993,53
994,22
995,64
996,53
997,13
998,4
999,83
1000,81
1001,11
1002,7
1003,24
1004,36
1005,5
1006,81
1007,52
1008,24
1009,7
1010,60
1011,64
1012,63
1013,30
1014,83
1015,82
1016,1
1017,13
1018,11
1019,72
1020,30
1021,85
1022,83
1023,65
1024,7
1025,12
1026,38
1027,9
1028,7
1029,1
1030,37
1031,85
1032,4
1033,81
1034,36
1035,82
1036,20
1037,57
1038,82
1039,82
1040,81
1041,79
1042,6
1043,7
1044,2
1045,47
1046,7
1047,24
1048,23
1049,52
1050,33
1051,15
1052,7
1053,7
1054,42
1055,54
1056,60
1057,50
1058,40
1059,33
1060,10
1061,36
1062,52
1063,50
1064,7
1065,85
1066,23
1067,80
1068,49
1069,9
1070,82
1071,3
1072,33
1073,70
1074,33
1075,74
1076,80
1077,22
1078,21
1079,69
1080,70
1081,33
1082,52
1083,20
1084,82
1085,59
1086,70
1087,16
1088,83
1089,9
1090,47
1091,70
1092,54
1093,9
1094,47
1095,13
1096,26
1097,6
1098,10
1099,7
1100,10
1101,77
1102,10
1103,67
1104,50
1105,62
1106,4
1107,74
1108,22
1109,12
1110,81
1111,48
1112,19
1113,80
1114,48
1115,23
1116,37
1117,9
1118,9
1119,77
1120,49
1121,11
1122,77
1123,63
1124,31
1125,67
1126,10
1127,7
1128,20
1129,54
1130,64
1131,15
1132,16
1133,15
1134,65
1135,36
1136,48
1137,7
1138,12
1139,10
1140,15
1141,7
1142,47
1143,2
1144,4
1145,3
1146,2
1147,85
1148,42
1149,83
1150,19
1151,31
1152,51
1153,61
1154,3
1155,6
1156,7
1157,65
1158,65
1159,50
1160,9
1161,41
1162,53
1163,72
1164,65
1165,80
1166,70
1167,33
1168,36
1169,22
1170,42
1171,65
1172,55
1173,22
1174,0
1175,17
1176,3
1177,65
1178,20
1179,10
1180,77
1181,36
1182,30
1183,63
1184,12
1185,13
1186,48
1187,84
1188,54
1189,37
1190,7
1191,2
1192,33
1193,33
1194,33
1195,42
1196,50
1197,70
1198,10
1199,84
1200,84
1201,85
1202,64
1203,60
1204,15
1205,83
1206,81
1207,48
1208,84
1209,84
1210,77
1211,40
1212,61
1213,65
1214,82
1215,37
1216,82
1217,5
1218,24
1219,71
1220,84
1221,55
1222,74
1223,76
1224,33
1225,57
1226,82
1227,85
1228,37
1229,13
1230,21
1231,22
1232,80
1233,60
1234,2
1235,16
1236,84
1237,81
1238,52
1239,38
1240,22
1241,43
1242,12
1243,12
1244,82
1245,13
1246,1
1247,7
1248,31
1249,16
1250,11
1251,57
1252,2
1253,20
1254,24
1255,9
1256,71
1257,16
1258,82
1259,37
1260,50
1261,82
1262,83
1263,16
1264,36
1265,84
1266,10
1267,38
1268,66
1269,85
1270,32
1271,48
1272,50
1273,2
1274,22
1275,80
1276,81
1277,40
1278,76
1279,9
1280,81
1281,21
1282,52
1283,60
1284,30
1285,37
1286,1
1287,63
1288,81
1289,50
1290,38
1291,50
1292,82
1293,4
1294,7
1295,18
1296,13
1297,36
1298,22
1299,38
1300,82
1301,13
1302,22
1303,52
1304,10
1305,74
1306,61
1307,57
1308,11
1309,27
1310,7
1311,81
1312,67
1313,5
1314,19
1315,77
1316,84
1317,64
1318,36
1319,50
1320,28
1321,11
1322,9
1323,61
1324,65
1325,20
1326,80
1327,11
1328,35
1329,85
1330,81
1331,3
1332,83
1333,71
1334,66
1335,35
1336,80
1337,22
1338,54
1339,47
1340,36
1341,85
1342,50
1343,52
1344,38
1345,52
1346,47
1347,38
1348,65
1349,21
1350,13
1351,71
1352,10
1353,29
1354,63
1355,13
1356,36
1357,1
1358,1
1359,60
1360,7
1361,64
1362,51
1363,0
1364,2
1365,17
1366,64
1367,80
1368,10
1369,9
1370,16
1371,44
1372,64
1373,7
1374,72
1375,66
1376,74
1377,26
1378,81
1379,70
1380,66
1381,59
1382,64
1383,21
1384,7
1385,1
1386,82
1387,10
1388,22
1389,50
1390,64
1391,42
1392,70
1393,85
1394,22
1395,26
1396,60
1397,71
1398,74
1399,76
1400,37
1401,77
1402,7
1403,12
1404,19
1405,16
1406,71
1407,63
1408,6
1409,33
1410,22
1411,15
1412,4
1413,40
1414,42
1415,12
1416,11
1417,4
1418,64
1419,22
1420,81
1421,33
1422,13
1423,48
1424,60
1425,62
1426,10
1427,7
1428,82
1429,17
1430,75
1431,64
1432,81
1433,66
1434,65
1435,70
1436,65
1437,85
1438,12
1439,83
1440,0
1441,53
1442,47
1443,31
1444,82
1445,83
1446,61
1447,50
1448,33
1449,51
1450,70
1451,81
1452,84
1453,68
1454,10
1455,52
1456,7
1457,80
1458,85
1459,24
1460,50
1461,35
1462,19
1463,40
1464,52
1465,37
1466,36
1467,25
1468,74
1469,48
1470,33
1471,7
1472,12
1473,17
1474,47
1475,42
1476,64
1477,10
1478,33
1479,29
1480,9
1481,83
1482,2
1483,47
1484,62
1485,53
1486,19
1487,65
1488,81
1489,22
1490,75
1491,9
1492,82
1493,9
1494,82
1495,81
1496,50
1497,47
1498,83
1499,66
1500,64
1501,20
1502,13
1503,64
1504,76
1505,7
1506,6
1507,11
1508,7
1509,50
1510,74
1511,54
1512,45
1513,82
1514,9
1515,22
1516,71
1517,32
1518,9
1519,65
1520,50
1521,16
1522,40
1523,65
1524,70
1525,6
1526,81
1527,15
1528,31
1529,38
1530,65
1531,81
1532,40
1533,7
1534,1
1535,30
1536,36
1537,29
1538,13
1539,64
1540,71
1541,76
1542,73
1543,38
1544,64
1545,72
1546,59
1547,51
1548,12
1549,2
1550,59
1551,67
1552,20
1553,64
1554,25
1555,76
1556,30
1557,64
1558,19
1559,80
1560,83
1561,48
1562,70
1563,31
1564,65
1565,7
1566,36
1567,33
1568,81
1569,22
1570,48
1571,64
1572,65
1573,74
1574,13
1575,42
1576,61
1577,42
1578,80
1579,15
1580,9
1581,84
1582,19
1583,13
1584,14
1585,11
1586,11
1587,74
1588,10
1589,65
1590,13
1591,74
1592,63
1593,17
1594,81
1595,21
1596,7
1597,13
1598,23
1599,47
1600,49
1601,81
1602,64
1603,74
1604,12
1605,67
1606,65
1607,31
1608,40
1609,50
1610,61
1611,81
1612,7
1613,9
1614,50
1615,59
1616,42
1617,2
1618,15
1619,12
1620,41
1621,37
1622,65
1623,62
1624,2
1625,25
1626,30
1627,38
1628,11
1629,66
1630,14
1631,12
1632,66
1633,33
1634,53
1635,84
1636,12
1637,82
1638,67
1639,12
1640,1
1641,74
1642,22
1643,82
1644,48
1645,64
1646,7
1647,33
1648,22
1649,4
1650,67
1651,82
1652,48
1653,85
1654,38
1655,10
1656,79
1657,85
1658,13
1659,29
1660,40
1661,84
1662,10
1663,83
1664,7
1665,3
1666,40
1667,40
1668,36
1669,50
1670,2
1671,70
1672,40
1673,7
1674,50
1675,77
1676,10
1677,36
1678,9
1679,1
1680,13
1681,74
1682,4
1683,7
1684,10
1685,65
1686,15
1687,12
1688,50
1689,2
1690,33
1691,9
1692,11
1693,67
1694,81
1695,20
1696,24
1697,42
1698,80
1699,77
1700,74
1701,13
1702,55
1703,0
1704,31
1705,7
1706,7
1707,52
1708,80
1709,70
1710,70
1711,7
1712,29
1713,0
1714,85
1715,22
1716,36
1717,7
1718,54
1719,9
1720,85
1721,22
1722,76
1723,41
1724,85
1725,83
1726,59
1727,81
1728,24
1729,38
1730,36
1731,18
1732,11
1733,50
1734,48
1735,72
1736,60
1737,19
1738,49
1739,0
1740,31
1741,50
1742,65
1743,20
1744,83
1745,7
1746,20
1747,25
1748,84
1749,36
1750,60
1751,79
1752,36
1753,63
1754,2
1755,38
1756,52
1757,1
1758,12
1759,60
1760,9
1761,85
1762,1
1763,51
1764,74
1765,12
1766,52
1767,13
1768,24
1769,38
1770,2
1771,47
1772,29
1773,81
1774,69
1775,40
1776,10
1777,31
1778,13
1779,24
1780,82
1781,41
1782,27
1783,42
1784,85
1785,81
1786,82
1787,71
1788,4
1789,63
1790,42
1791,57
1792,48
1793,82
1794,33
1795,48
1796,59
1797,7
1798,14
1799,84
1800,36
1801,7
1802,21
1803,66
1804,74
1805,21
1806,81
1807,4
1808,84
1809,22
1810,20
1811,13
1812,22
1813,7
1814,53
1815,51
1816,16
1817,76
1818,1
1819,16
1820,73
1821,84
1822,50
1823,82
1824,48
1825,19
1826,81
1827,80
1828,21
1829,82
1830,24
1831,48
1832,21
1833,9
1834,50
1835,41
1836,33
1837,50
1838,2
1839,48
1840,31
1841,48
1842,82
1843,7
1844,9
1845,82
1846,66
1847,7
1848,9
1849,29
1850,9
1851,70
1852,3
1853,82
1854,82
1855,65
1856,85
1857,74
1858,12
1859,50
1860,81
1861,9
1862,70
1863,66
1864,33
1865,40
1866,60
1867,27
1868,15
1869,4
1870,22
1871,7
1872,77
1873,12
1874,22
1875,65
1876,67
1877,84
1878,38
1879,48
1880,26
1881,7
1882,85
1883,11
1884,10
1885,33
1886,20
1887,47
1888,59
1889,11
1890,53
1891,83
1892,13
1893,77
1894,65
1895,26
1896,61
1897,70
1898,31
1899,38
1900,81
1901,40
1902,80
1903,47
1904,60
1905,31
1906,65
1907,53
1908,10
1909,38
1910,85
1911,51
1912,24
1913,13
1914,50
1915,62
1916,48
1917,65
1918,24
1919,80
1920,7
1921,13
1922,63
1923,6
1924,9
1925,83
1926,1
1927,70
1928,77
1929,40
1930,62
1931,82
1932,82
1933,37
1934,66
1935,80
1936,50
1937,64
1938,81
1939,50
1940,50
1941,30
1942,7
1943,30
1944,48
1945,11
1946,22
1947,83
1948,54
1949,15
1950,53
1951,78
1952,9
1953,40
1954,12
1955,83
1956,47
1957,82
1958,79
1959,61
1960,65
1961,70
1962,77
1963,72
1964,84
1965,39
1966,53
1967,81
1968,9
1969,73
1970,42
1971,71
1972,2
1973,12
1974,64
1975,15
1976,40
1977,48
1978,74
1979,61
1980,1
1981,13
1982,65
1983,2
1984,38
1985,2
1986,65
1987,15
1988,43
1989,82
1990,63
1991,79
1992,7
1993,85
1994,53
1995,13
1996,47
1997,21
1998,7
1999,64
2000,65
2001,20
2002,47
2003,42
2004,38
2005,54
2006,65
2007,82
2008,41
2009,31
2010,19
2011,1
2012,7
2013,9
2014,2
2015,70
2016,7
2017,67
2018,79
2019,16
2020,16
2021,10
2022,13
2023,15
2024,7
2025,7
2026,10
2027,64
2028,10
2029,12
2030,10
2031,53
2032,33
2033,6
2034,13
2035,80
2036,9
2037,33
2038,10
2039,7
2040,72
2041,59
2042,82
2043,7
2044,26
2045,65
2046,84
2047,48
2048,36
2049,54
2050,62
2051,17
2052,42
2053,33
2054,81
2055,16
2056,82
2057,6
2058,7
2059,81
2060,48
2061,81
2062,29
2063,3
2064,49
2065,13
2066,31
2067,64
2068,40
2069,65
2070,48
2071,40
2072,64
2073,84
2074,53
2075,4
2076,38
2077,70
2078,1
2079,52
2080,41
2081,37
2082,70
2083,13
2084,37
2085,11
2086,7
2087,13
2088,48
2089,70
2090,72
2091,81
2092,7
2093,82
2094,2
2095,85
2096,66
2097,31
2098,11
2099,27
2100,33
2101,82
2102,9
2103,38
2104,2
2105,30
2106,50
2107,10
2108,81
2109,16
2110,16
2111,83
2112,15
2113,82
2114,6
2115,12
2116,9
2117,3
2118,48
2119,54
2120,80
2121,1
2122,12
2123,82
2124,12
2125,31
2126,25
2127,24
2128,16
2129,83
2130,7
2131,54
2132,22
2133,3
2134,34
2135,85
2136,22
2137,28
2138,30
2139,52
2140,70
2141,74
2142,81
2143,42
2144,49
2145,2
2146,33
2147,54
2148,10
2149,85
2150,1
2151,62
2152,63
2153,46
2154,53
2155,7
2156,67
2157,80
2158,57
2159,61
2160,17
2161,65
2162,47
2163,0
2164,77
2165,7
2166,22
2167,7
2168,13
2169,40
2170,31
2171,48
2172,85
2173,1
2174,9
2175,72
2176,72
2177,74
2178,85
2179,60
2180,53
2181,50
2182,4
2183,70
2184,85
2185,57
2186,12
2187,48
2188,22
2189,80
2190,61
2191,23
2192,64
2193,9
2194,83
2195,29
2196,56
2197,47
2198,26
2199,42
2200,33
2201,81
2202,81
2203,85
2204,84
2205,13
2206,70
2207,19
2208,9
2209,16
2210,81
2211,53
2212,63
2213,31
2214,63
2215,53
2216,52
2217,14
2218,81
2219,3
2220,29
2221,61
2222,47
2223,30
2224,13
2225,22
2226,54
2227,17
2228,81
2229,38
2230,72
2231,16
2232,70
2233,21
2234,17
2235,65
2236,22
2237,1
2238,59
2239,57
2240,50
2241,33
2242,38
2243,81
2244,31
2245,31
2246,33
2247,51
2248,64
2249,10
2250,56
2251,4
2252,83
2253,74
2254,80
2255,61
2256,16
2257,85
2258,68
2259,37
2260,7
2261,10
2262,81
2263,21
2264,50
2265,7
2266,61
2267,9
2268,8
2269,11
2270,54
2271,38
2272,33
2273,33
2274,31
2275,0
2276,16
2277,67
2278,72
2279,33
2280,8
2281,65
2282,85
2283,21
2284,81
2285,38
2286,64
2287,1
2288,63
2289,38
2290,51
2291,48
2292,50
2293,0
2294,22
2295,81
2296,85
2297,6
2298,61
2299,40
2300,78
2301,83
2302,9
2303,7
2304,65
2305,70
2306,6
2307,74
2308,47
2309,51
2310,85
2311,76
2312,48
2313,74
2314,83
2315,22
2316,67
2317,19
2318,8
2319,58
2320,37
2321,70
2322,14
2323,63
2324,36
2325,84
2326,27
2327,12
2328,82
2329,23
2330,63
2331,62
2332,6
2333,42
2334,11
2335,63
2336,52
2337,70
2338,65
2339,31
2340,65
2341,57
2342,64
2343,82
2344,30
2345,18
2346,9
2347,50
2348,84
2349,65
2350,53
2351,74
2352,36
2353,31
2354,3
2355,0
2356,65
2357,84
2358,47
2359,33
2360,83
2361,81
2362,60
2363,48
2364,7
2365,54
2366,24
2367,4
2368,77
2369,2
2370,7
2371,51
2372,41
2373,48
2374,10
2375,40
2376,83
2377,36
2378,40
2379,50
2380,65
2381,4
2382,16
2383,16
2384,65
2385,80
2386,85
2387,50
2388,48
2389,21
2390,83
2391,13
2392,7
2393,64
2394,41
2395,9
2396,74
2397,7
2398,10
2399,42
2400,3
2401,83
2402,7
2403,23
2404,19
2405,10
2406,72
2407,61
2408,50
2409,1
2410,83
2411,85
2412,42
2413,67
2414,61
2415,45
2416,23
2417,65
2418,24
2419,64
2420,65
2421,25
2422,71
2423,67
2424,7
2425,59
2426,38
2427,67
2428,10
2429,64
2430,13
2431,10
2432,48
2433,63
2434,84
2435,1
2436,60
2437,64
2438,65
2439,38
2440,74
2441,83
2442,0
2443,4
2444,10
2445,0
2446,1
2447,74
2448,23
2449,10
2450,29
2451,13
2452,67
2453,10
2454,72
2455,65
2456,11
2457,37
2458,42
2459,79
2460,50
2461,82
2462,85
2463,74
2464,1
2465,72
2466,50
2467,74
2468,61
2469,15
2470,21
2471,55
2472,39
2473,57
2474,81
2475,33
2476,33
2477,4
2478,30
2479,50
2480,12
2481,59
2482,9
2483,23
2484,74
2485,31
2486,7
2487,37
2488,13
2489,13
2490,48
2491,72
2492,13
2493,7
2494,65
2495,33
2496,62
2497,4
2498,49
2499,4
2500,82
2501,21
2502,39
2503,53
2504,76
2505,9
2506,0
2507,1
2508,7
2509,4
2510,71
2511,81
2512,18
2513,84
2514,81
2515,14
2516,1
2517,36
2518,66
2519,52
2520,7
2521,38
2522,51
2523,66
2524,13
2525,3
2526,9
2527,16
2528,43
2529,6
2530,67
2531,13
2532,2
2533,10
2534,33
2535,82
2536,7
2537,77
2538,59
2539,16
2540,53
2541,4
2542,29
2543,84
2544,50
2545,22
2546,10
2547,19
2548,3
2549,48
2550,24
2551,84
2552,9
2553,73
2554,22
2555,2
2556,85
2557,7
2558,74
2559,2
2560,52
2561,59
2562,25
2563,79
2564,59
2565,64
2566,4
2567,17
2568,15
2569,74
2570,60
2571,77
2572,36
2573,7
2574,84
2575,81
2576,60
2577,13
2578,74
2579,43
2580,30
2581,76
2582,65
2583,12
2584,74
2585,36
2586,13
2587,2
2588,16
2589,30
2590,71
2591,84
2592,10
2593,6
2594,31
2595,63
2596,13
2597,12
2598,48
2599,37
2600,29
2601,22
2602,54
2603,84
2604,42
2605,4
2606,4
2607,64
2608,65
2609,7
2610,81
2611,85
2612,80
2613,82
2614,76
2615,77
2616,26
2617,42
2618,16
2619,55
2620,74
2621,65
2622,42
2623,80
2624,30
2625,60
2626,16
2627,9
2628,16
2629,48
2630,85
2631,2
2632,74
2633,30
2634,84
2635,74
2636,81
2637,7
2638,77
2639,1
2640,48
2641,65
2642,36
2643,40
2644,40
2645,13
2646,72
2647,7
2648,40
2649,65
2650,25
2651,11
2652,82
2653,41
2654,40
2655,37
2656,72
2657,77
2658,48
2659,33
2660,41
2661,50
2662,3
2663,81
2664,7
2665,53
2666,33
2667,17
2668,81
2669,13
2670,82
2671,13
2672,57
2673,63
2674,31
2675,25
2676,4
2677,47
2678,48
2679,81
2680,7
2681,7
2682,40
2683,70
2684,13
2685,16
2686,22
2687,9
2688,7
2689,70
2690,9
2691,7
2692,50
2693,7
2694,82
2695,85
2696,3
2697,65
2698,70
2699,11
2700,81
2701,33
2702,7
2703,74
2704,11
2705,1
2706,63
2707,3
2708,12
2709,9
2710,64
2711,54
2712,47
2713,13
2714,49
2715,15
2716,60
2717,31
2718,47
2719,61
2720,10
2721,60
2722,47
2723,15
2724,68
2725,65
2726,10
2727,13
2728,58
2729,81
2730,54
2731,29
2732,48
2733,70
2734,3
2735,64
2736,54
2737,50
2738,82
2739,70
2740,1
2741,64
2742,11
2743,6
2744,52
2745,83
2746,82
2747,8
2748,12
2749,7
2750,36
2751,29
2752,81
2753,63
2754,7
2755,79
2756,52
2757,12
2758,54
2759,12
2760,7
2761,34
2762,40
2763,53
2764,7
2765,31
2766,11
2767,70
2768,19
2769,25
2770,19
2771,13
2772,12
2773,1
2774,79
2775,64
2776,81
2777,69
2778,13
2779,20
2780,85
2781,67
2782,81
2783,22
2784,80
2785,20
2786,84
2787,22
2788,51
2789,70
2790,62
2791,22
2792,74
2793,83
2794,83
2795,13
2796,3
2797,12
2798,2
2799,63
2800,9
2801,21
2802,41
2803,19
2804,66
2805,2
2806,15
2807,4
2808,52
2809,38
2810,64
2811,51
2812,83
2813,9
2814,12
2815,10
2816,2
2817,30
2818,67
2819,70
2820,63
2821,19
2822,47
2823,11
2824,51
2825,25
2826,3
2827,83
2828,65
2829,81
2830,83
2831,67
2832,25
2833,63
2834,61
2835,8
2836,7
2837,22
2838,49
2839,24
2840,62
2841,76
2842,9
2843,31
2844,81
2845,22
2846,70
2847,81
2848,31
2849,41
2850,31
2851,52
2852,16
2853,50
2854,36
2855,13
2856,7
2857,80
2858,74
2859,83
2860,52
2861,50
2862,7
2863,9
2864,50
2865,9
2866,10
2867,83
2868,2
2869,52
2870,33
2871,7
2872,64
2873,22
2874,64
2875,13
2876,65
2877,7
2878,50
2879,51
2880,22
2881,51
2882,11
2883,65
2884,1
2885,4
2886,12
2887,70
2888,84
2889,33
2890,47
2891,17
2892,52
2893,72
2894,38
2895,74
2896,65
2897,15
2898,36
2899,19
2900,7
2901,1
2902,50
2903,33
2904,19
2905,7
2906,25
2907,4
2908,7
2909,33
2910,12
2911,24
2912,65
2913,76
2914,22
2915,65
2916,50
2917,22
2918,25
2919,67
2920,7
2921,39
2922,72
2923,27
2924,83
2925,9
2926,10
2927,9
2928,37
2929,4
2930,38
2931,82
2932,33
2933,51
2934,67
2935,64
2936,70
2937,16
2938,80
2939,82
2940,49
2941,84
2942,52
2943,67
2944,7
2945,83
2946,25
2947,62
2948,42
2949,81
2950,52
2951,44
2952,82
2953,65
2954,31
2955,71
2956,65
2957,1
2958,21
2959,63
2960,83
2961,22
2962,47
2963,76
2964,52
2965,79
2966,2
2967,74
2968,57
2969,65
2970,7
2971,81
2972,83
2973,52
2974,7
2975,10
2976,10
2977,1
2978,72
2979,16
2980,4
2981,54
2982,82
2983,12
2984,84
2985,59
2986,49
2987,13
2988,47
2989,7
2990,74
2991,36
2992,10
2993,10
2994,82
2995,19
2996,82
2997,9
2998,1
2999,2
3000,4
3001,16
3002,38
3003,33
3004,65
3005,50
3006,10
3007,33
3008,64
3009,65
3010,61
3011,2
3012,50
3013,2
3014,42
3015,64
3016,4
3017,54
3018,22
3019,51
3020,37
3021,51
3022,13
3023,21
3024,10
3025,7
3026,25
3027,73
3028,67
3029,36
3030,7
3031,54
3032,77
3033,84
3034,33
3035,72
3036,74
3037,71
3038,2
3039,23
3040,24
3041,23
3042,7
3043,27
3044,64
3045,22
3046,79
3047,13
3048,63
3049,39
3050,33
3051,74
3052,7
3053,70
3054,42
3055,10
3056,17
3057,65
3058,50
3059,21
3060,11
3061,8
3062,15
3063,7
3064,7
3065,65
3066,24
3067,17
3068,30
3069,7
3070,65
3071,7
3072,38
3073,83
3074,12
3075,70
3076,10
3077,13
3078,2
3079,65
3080,40
3081,63
3082,63
3083,82
3084,10
3085,69
3086,1
3087,67
3088,10
3089,82
3090,26
3091,62
3092,16
3093,85
3094,25
3095,83
3096,53
3097,29
3098,77
3099,31
3100,64
3101,38
3102,81
3103,42
3104,81
3105,80
3106,30
3107,31
3108,81
3109,85
3110,63
3111,38
3112,65
3113,2
3114,7
3115,9
3116,59
3117,63
3118,32
3119,42
3120,82
3121,13
3122,77
3123,12
3124,52
3125,63
3126,48
3127,38
3128,81
3129,65
3130,67
3131,77
3132,10
3133,74
3134,20
3135,82
3136,14
3137,33
3138,31
3139,10
3140,10
3141,81
3142,64
3143,80
3144,63
3145,1
3146,2
3147,71
3148,77
3149,50
3150,1
3151,51
3152,81
3153,10
3154,40
3155,52
3156,63
3157,31
3158,13
3159,74
3160,48
3161,66
3162,85
3163,82
3164,85
3165,2
3166,81
3167,7
3168,49
3169,65
3170,80
3171,42
3172,33
3173,33
3174,65
3175,83
3176,29
3177,74
3178,13
3179,83
3180,74
3181,30
3182,13
3183,48
3184,47
3185,81
3186,64
3187,50
3188,10
3189,6
3190,65
3191,63
3192,17
3193,7
3194,65
3195,28
3196,7
3197,65
3198,10
3199,10
3200,14
3201,12
3202,11
3203,4
3204,37
3205,42
3206,36
3207,1
3208,37
3209,85
3210,20
3211,53
3212,78
3213,64
3214,85
3215,11
3216,4
3217,64
3218,40
3219,82
3220,1
3221,65
3222,26
3223,33
3224,63
3225,31
3226,70
3227,83
3228,52
3229,77
3230,27
3231,47
3232,33
3233,45
3234,1
3235,74
3236,6
3237,51
3238,50
3239,22
3240,53
3241,31
3242,54
3243,24
3244,78
3245,53
3246,71
3247,22
3248,18
3249,42
3250,57
3251,30
3252,33
3253,7
3254,60
3255,21
3256,40
3257,49
3258,72
3259,38
3260,15
3261,27
3262,9
3263,32
3264,33
3265,84
3266,13
3267,13
3268,70
3269,80
3270,85
3271,62
3272,42
3273,38
3274,9
3275,64
3276,22
3277,10
3278,7
3279,10
3280,63
3281,42
3282,70
3283,70
3284,42
3285,50
3286,82
3287,65
3288,82
3289,24
3290,60
3291,33
3292,41
3293,62
3294,4
3295,50
3296,25
3297,69
3298,7
3299,38
3300,82
3301,15
3302,54
3303,31
3304,72
3305,19
3306,64
3307,7
3308,31
3309,22
3310,72
3311,33
3312,30
3313,31
3314,79
3315,30
3316,16
3317,9
3318,81
3319,4
3320,10
3321,50
3322,42
3323,85
3324,66
3325,50
3326,7
3327,30
3328,13
3329,83
3330,22
3331,7
3332,18
3333,4
3334,81
3335,40
3336,7
3337,51
3338,16
3339,2
3340,82
3341,10
3342,2
3343,21
3344,42
3345,70
3346,48
3347,72
3348,66
3349,20
3350,7
3351,50
3352,77
3353,63
3354,7
3355,50
3356,2
3357,65
3358,4
3359,33
3360,40
3361,80
3362,36
3363,52
3364,65
3365,70
3366,81
3367,61
3368,53
3369,10
3370,60
3371,66
3372,84
3373,30
3374,83
3375,6
3376,80
3377,53
3378,9
3379,34
3380,63
3381,21
3382,33
3383,21
3384,20
3385,22
3386,33
3387,50
3388,63
3389,7
3390,81
3391,65
3392,64
3393,11
3394,72
3395,13
3396,54
3397,50
3398,64
3399,21
3400,13
3401,22
3402,30
3403,13
3404,52
3405,74
3406,83
3407,43
3408,36
3409,17
3410,13
3411,83
3412,6
3413,54
3414,47
3415,83
3416,15
3417,19
3418,80
3419,54
3420,79
3421,73
3422,64
3423,50
3424,15
3425,26
3426,82
3427,2
3428,7
3429,81
3430,64
3431,16
3432,7
3433,50
3434,1
3435,11
3436,6
3437,50
3438,7
3439,1
3440,81
3441,49
3442,65
3443,81
3444,33
3445,50
3446,36
3447,6
3448,81
3449,6
3450,77
3451,63
3452,65
3453,12
3454,33
3455,22
3456,82
3457,80
3458,20
3459,63
3460,34
3461,85
3462,52
3463,33
3464,7
3465,7
3466,9
3467,22
3468,36
3469,65
3470,57
3471,6
3472,71
3473,7
3474,84
3475,70
3476,4
3477,50
3478,38
3479,81
3480,23
3481,15
3482,2
3483,7
3484,7
3485,53
3486,54
3487,80
3488,23
3489,10
3490,52
3491,41
3492,72
3493,7
3494,19
3495,50
3496,81
3497,10
3498,40
3499,33
3500,12
3501,82
3502,9
3503,82
3504,2
3505,1
3506,8
3507,59
3508,4
3509,67
3510,12
3511,84
3512,84
3513,13
3514,59
3515,4
3516,31
3517,64
3518,22
3519,7
3520,10
3521,19
3522,83
3523,7
3524,30
3525,7
3526,65
3527,53
3528,14
3529,22
3530,12
3531,71
3532,22
3533,85
3534,85
3535,52
3536,12
3537,49
3538,7
3539,57
3540,10
3541,1
3542,62
3543,60
3544,78
3545,65
3546,16
3547,21
3548,63
3549,40
3550,8
3551,4
3552,22
3553,41
3554,61
3555,48
3556,52
3557,54
3558,19
3559,7
3560,21
3561,15
3562,81
3563,81
3564,81
3565,31
3566,74
3567,33
3568,63
3569,1
3570,54
3571,67
3572,48
3573,83
3574,47
3575,7
3576,7
3577,30
3578,11
3579,12
3580,37
3581,33
3582,2
3583,4
3584,44
3585,64
3586,3
3587,54
3588,52
3589,12
3590,49
3591,16
3592,9
3593,81
3594,19
3595,51
3596,48
3597,19
3598,84
3599,48
3600,83
3601,33
3602,84
3603,69
3604,27
3605,9
3606,64
3607,74
3608,77
3609,82
3610,19
3611,36
3612,39
3613,70
3614,38
3615,47
3616,47
3617,65
3618,80
3619,7
3620,73
3621,24
3622,20
3623,84
3624,21
3625,10
3626,7
3627,50
3628,11
3629,81
3630,54
3631,12
3632,32
3633,38
3634,10
3635,82
3636,70
3637,1
3638,15
3639,29
3640,67
3641,10
3642,83
3643,31
3644,52
3645,20
3646,7
3647,85
3648,11
3649,74
3650,53
3651,22
3652,1
3653,62
3654,4
3655,26
3656,12
3657,2
3658,81
3659,10
3660,9
3661,49
3662,84
3663,29
3664,83
3665,42
3666,53
3667,29
3668,76
3669,11
3670,75
3671,14
3672,36
3673,8
3674,7
3675,63
3676,81
3677,22
3678,51
3679,76
3680,7
3681,53
3682,6
3683,42
3684,84
3685,81
3686,22
3687,47
3688,73
3689,12
3690,48
3691,82
3692,25
3693,30
3694,1
3695,32
3696,47
3697,22
3698,84
3699,50
3700,24
3701,13
3702,40
3703,65
3704,13
3705,16
3706,8
3707,10
3708,4
3709,60
3710,7
3711,65
3712,1
3713,33
3714,22
3715,82
3716,12
3717,83
3718,33
3719,10
3720,37
3721,42
3722,2
3723,70
3724,84
3725,70
3726,74
3727,51
3728,64
3729,10
3730,31
3731,35
3732,26
3733,53
3734,1
3735,8
3736,47
3737,40
3738,37
3739,67
3740,82
3741,48
3742,82
3743,54
3744,31
3745,53
3746,21
3747,70
3748,50
3749,9
3750,9
3751,10
3752,53
3753,33
3754,2
3755,9
3756,64
3757,74
3758,81
3759,65
3760,56
3761,48
3762,85
3763,77
3764,68
3765,81
3766,48
3767,7
3768,48
3769,74
3770,0
3771,2
3772,2
3773,3
3774,38
3775,7
3776,56
3777,12
3778,81
3779,50
3780,21
3781,19
3782,22
3783,40
3784,59
3785,53
3786,29
3787,31
3788,63
3789,84
3790,9
3791,36
3792,9
3793,22
3794,56
3795,11
3796,7
3797,52
3798,9
3799,9
3800,31
3801,50
3802,76
3803,65
3804,64
3805,38
3806,69
3807,1
3808,38
3809,79
3810,51
3811,22
3812,42
3813,83
3814,54
3815,13
3816,10
3817,83
3818,30
3819,26
3820,58
3821,47
3822,20
3823,73
3824,83
3825,33
3826,7
3827,13
3828,74
3829,63
3830,19
3831,41
3832,64
3833,25
3834,81
3835,13
3836,83
3837,1
3838,13
3839,65
3840,33
3841,11
3842,38
3843,1
3844,63
3845,7
3846,2
3847,2
3848,47
3849,36
3850,12
3851,82
3852,40
3853,13
3854,19
3855,37
3856,20
3857,17
3858,15
3859,41
3860,61
3861,10
3862,73
3863,34
3864,84
3865,81
3866,74
3867,22
3868,48
3869,42
3870,2
3871,42
3872,12
3873,65
3874,7
3875,5
3876,7
3877,48
3878,82
3879,81
3880,3
3881,9
3882,60
3883,85
3884,4
3885,4
3886,67
3887,53
3888,11
3889,61
3890,65
3891,4
3892,57
3893,22
3894,48
3895,13
3896,31
3897,10
3898,62
3899,80
3900,82
3901,12
3902,47
3903,47
3904,85
3905,7
3906,48
3907,74
3908,57
3909,82
3910,1
3911,40
3912,22
3913,12
3914,1
3915,71
3916,7
3917,36
3918,82
3919,7
3920,2
3921,81
3922,10
3923,29
3924,7
3925,22
3926,61
3927,78
3928,79
3929,15
3930,37
3931,33
3932,6
3933,70
3934,80
3935,23
3936,51
3937,50
3938,25
3939,20
3940,81
3941,63
3942,10
3943,82
3944,38
3945,16
3946,42
3947,84
3948,67
3949,74
3950,48
3951,83
3952,50
3953,47
3954,21
3955,10
3956,50
3957,63
3958,45
3959,9
3960,31
3961,82
3962,64
3963,40
3964,12
3965,64
3966,79
3967,85
3968,11
3969,70
3970,79
3971,53
3972,38
3973,19
3974,22
3975,26
3976,4
3977,13
3978,76
3979,1
3980,54
3981,83
3982,0
3983,16
3984,13
3985,53
3986,29
3987,13
3988,22
3989,5
3990,36
3991,84
3992,10
3993,63
3994,7
3995,10
3996,47
3997,8
3998,29
3999,80
4000,33
4001,38
4002,58
4003,48
4004,74
4005,56
4006,24
4007,63
4008,77
4009,1
4010,64
4011,33
4012,2
4013,23
4014,65
4015,79
4016,42
4017,4
4018,11
4019,2
4020,84
4021,65
4022,9
4023,13
4024,65
4025,80
4026,65
4027,81
4028,74
4029,7
4030,4
4031,67
4032,22
4033,27
4034,80
4035,85
4036,64
4037,67
4038,74
4039,31
4040,31
4041,53
4042,65
4043,10
4044,81
4045,19
4046,40
4047,13
4048,81
4049,33
4050,82
4051,31
4052,85
4053,7
4054,47
4055,31
4056,83
4057,33
4058,7
4059,21
4060,50
4061,3
4062,22
4063,31
4064,33
4065,81
4066,9
4067,7
4068,50
4069,47
4070,6
4071,52
4072,77
4073,19
4074,19
4075,33
4076,84
4077,80
4078,42
4079,72
4080,70
4081,54
4082,11
4083,6
4084,21
4085,10
4086,79
4087,38
4088,37
4089,19
4090,74
4091,31
4092,81
4093,64
4094,7
4095,70
4096,80
4097,1
4098,51
4099,20
4100,42
4101,72
4102,6
4103,24
4104,81
4105,12
4106,75
4107,65
4108,1
4109,84
4110,40
4111,67
4112,48
4113,2
4114,72
4115,52
4116,63
4117,83
4118,47
4119,62
4120,50
4121,6
4122,21
4123,7
4124,83
4125,9
4126,62
4127,81
4128,70
4129,51
4130,33
4131,4
4132,9
4133,6
4134,22
4135,81
4136,20
4137,84
4138,2
4139,7
4140,29
4141,32
4142,66
4143,10
4144,52
4145,82
4146,17
4147,64
4148,74
4149,84
4150,64
4151,82
4152,6
4153,8
4154,81
4155,36
4156,60
4157,9
4158,7
4159,35
4160,30
4161,40
4162,13
4163,22
4164,68
4165,62
4166,9
4167,15
4168,82
4169,22
4170,9
4171,0
4172,64
4173,66
4174,59
4175,1
4176,16
4177,44
4178,30
4179,13
4180,81
4181,83
4182,52
4183,41
4184,13
4185,12
4186,14
4187,65
4188,48
4189,55
4190,50
4191,46
4192,3
4193,16
4194,47
4195,51
4196,48
4197,17
4198,63
4199,74
4200,14
4201,2
4202,57
4203,3
4204,38
4205,64
4206,12
4207,57
4208,23
4209,74
4210,48
4211,64
4212,50
4213,50
4214,8
4215,82
4216,33
4217,38
4218,77
4219,40
4220,30
4221,22
4222,7
4223,10
4224,30
4225,71
4226,55
4227,7
4228,40
4229,52
4230,40
4231,60
4232,65
4233,83
4234,81
4235,9
4236,69
4237,74
4238,82
4239,13
4240,62
4241,4
4242,65
4243,37
4244,13
4245,79
4246,81
4247,64
4248,7
4249,4
4250,4
4251,1
4252,9
4253,10
4254,82
4255,40
4256,77
4257,20
4258,74
4259,80
4260,52
4261,76
4262,40
4263,82
4264,82
4265,15
4266,64
4267,21
4268,30
4269,71
4270,70
4271,10
4272,13
4273,51
4274,33
4275,67
4276,48
4277,47
4278,60
4279,66
4280,4
4281,52
4282,14
4283,77
4284,9
4285,41
4286,13
4287,48
4288,67
4289,77
4290,85
4291,63
4292,10
4293,67
4294,77
4295,67
4296,81
4297,19
4298,1
4299,33
4300,64
4301,82
4302,9
4303,61
4304,70
4305,30
4306,7
4307,30
4308,51
4309,50
4310,83
4311,81
4312,15
4313,64
4314,16
4315,52
4316,9
4317,25
4318,10
4319,20
4320,85
4321,51
4322,82
4323,48
4324,3
4325,65
4326,50
4327,53
4328,81
4329,65
4330,65
4331,11
4332,42
4333,41
4334,7
4335,65
4336,3
4337,51
4338,21
4339,10
4340,8
4341,7
4342,38
4343,42
4344,85
4345,24
4346,64
4347,23
4348,70
4349,19
4350,40
4351,33
4352,50
4353,7
4354,80
4355,33
4356,54
4357,11
4358,47
4359,6
4360,67
4361,7
4362,54
4363,64
4364,26
4365,2
4366,83
4367,83
4368,34
4369,79
4370,83
4371,73
4372,17
4373,65
4374,10
4375,82
4376,16
4377,17
4378,7
4379,15
4380,10
4381,83
4382,65
4383,77
4384,12
4385,37
4386,25
4387,63
4388,12
4389,84
4390,74
4391,64
4392,30
4393,74
4394,7
4395,6
4396,82
4397,7
4398,59
4399,36
4400,40
4401,59
4402,9
4403,7
4404,74
4405,83
4406,7
4407,53
4408,7
4409,40
4410,4
4411,33
4412,64
4413,82
4414,19
4415,65
4416,21
4417,13
4418,16
4419,72
4420,38
4421,22
4422,71
4423,4
4424,10
4425,2
4426,7
4427,79
4428,85
4429,9
4430,48
4431,42
4432,7
4433,19
4434,62
4435,74
4436,40
4437,15
4438,50
4439,16
4440,42
4441,66
4442,48
4443,30
4444,82
4445,1
4446,12
4447,7
4448,81
4449,64
4450,42
4451,7
4452,11
4453,57
4454,65
4455,70
4456,4
4457,11
4458,53
4459,4
4460,65
4461,7
4462,7
4463,2
4464,84
4465,9
4466,15
4467,76
4468,48
4469,52
4470,64
4471,33
4472,67
4473,2
4474,62
4475,50
4476,28
4477,4
4478,67
4479,1
4480,83
4481,49
4482,80
4483,14
4484,81
4485,78
4486,66
4487,65
4488,76
4489,82
4490,6
4491,73
4492,50
4493,16
4494,74
4495,40
4496,1
4497,21
4498,64
4499,63
4500,9
4501,13
4502,21
4503,8
4504,40
4505,74
4506,7
4507,79
4508,83
4509,42
4510,11
4511,22
4512,82
4513,2
4514,74
4515,65
4516,48
4517,4
4518,84
4519,4
4520,29
4521,22
4522,65
4523,65
4524,42
4525,7
4526,80
4527,24
4528,2
4529,30
4530,5
4531,10
4532,83
4533,69
4534,78
4535,13
4536,64
4537,67
4538,63
4539,15
4540,65
4541,72
4542,50
4543,12
4544,12
4545,65
4546,4
4547,84
4548,72
4549,85
4550,74
4551,21
4552,83
4553,19
4554,63
4555,33
4556,35
4557,63
4558,81
4559,42
4560,81
4561,1
4562,41
4563,1
4564,16
4565,63
4566,31
4567,50
4568,22
4569,82
4570,7
4571,47
4572,10
4573,15
4574,37
4575,31
4576,83
4577,81
4578,80
4579,12
4580,2
4581,49
4582,54
4583,16
4584,48
4585,30
4586,15
4587,26
4588,77
4589,65
4590,11
4591,0
4592,65
4593,47
4594,37
4595,7
4596,30
4597,21
4598,4
4599,64
4600,1
4601,7
4602,74
4603,82
4604,50
4605,42
4606,85
4607,38
4608,29
4609,11
4610,42
4611,10
4612,10
4613,33
4614,10
4615,7
4616,82
4617,13
4618,30
4619,12
4620,37
4621,37
4622,26
4623,65
4624,47
4625,53
4626,85
4627,44
4628,51
4629,18
4630,50
4631,65
4632,13
4633,19
4634,4
4635,7
4636,7
4637,82
4638,65
4639,38
4640,81
4641,64
4642,22
4643,73
4644,63
4645,40
4646,9
4647,48
4648,62
4649,24
4650,7
4651,4
4652,63
4653,53
4654,81
4655,1
4656,79
4657,47
4658,9
4659,50
4660,26
4661,3
4662,50
4663,67
4664,83
4665,64
4666,82
4667,65
4668,11
4669,64
4670,16
4671,64
4672,31
4673,20
4674,27
4675,30
4676,54
4677,12
4678,77
4679,80
4680,4
4681,78
4682,70
4683,30
4684,9
4685,74
4686,85
4687,40
4688,38
4689,7
4690,72
4691,13
4692,7
4693,36
4694,63
4695,82
4696,13
4697,60
4698,30
4699,33
4700,50
4701,52
4702,52
4703,10
4704,19
4705,7
4706,20
4707,65
4708,9
4709,67
4710,65
4711,85
4712,12
4713,47
4714,0
4715,1
4716,38
4717,68
4718,9
4719,48
4720,64
4721,2
4722,65
4723,9
4724,7
4725,66
4726,7
4727,37
4728,70
4729,33
4730,64
4731,70
4732,85
4733,20
4734,29
4735,1
4736,75
4737,42
4738,66
4739,24
4740,50
4741,7
4742,63
4743,1
4744,13
4745,84
4746,82
4747,30
4748,85
4749,76
4750,22
4751,33
4752,60
4753,33
4754,81
4755,33
4756,64
4757,1
4758,81
4759,13
4760,48
4761,22
4762,19
4763,80
4764,82
4765,41
4766,10
4767,70
4768,54
4769,40
4770,36
4771,65
4772,28
4773,3
4774,24
4775,12
4776,82
4777,22
4778,19
4779,65
4780,80
4781,40
4782,66
4783,13
4784,13
4785,84
4786,59
4787,82
4788,42
4789,82
4790,53
4791,7
4792,81
4793,65
4794,70
4795,4
4796,50
4797,67
4798,50
4799,10
4800,33
4801,7
4802,21
4803,51
4804,77
4805,30
4806,40
4807,82
4808,76
4809,81
4810,1
4811,50
4812,81
4813,12
4814,51
4815,16
4816,1
4817,51
4818,53
4819,82
4820,27
4821,71
4822,0
4823,50
4824,30
4825,41
4826,12
4827,65
4828,48
4829,52
4830,81
4831,38
4832,15
4833,83
4834,48
4835,72
4836,72
4837,50
4838,49
4839,65
4840,50
4841,84
4842,60
4843,81
4844,39
4845,57
4846,22
4847,10
4848,22
4849,41
4850,53
4851,13
4852,82
4853,82
4854,40
4855,47
4856,70
4857,10
4858,73
4859,82
4860,9
4861,85
4862,16
4863,30
4864,38
4865,70
4866,1
4867,33
4868,2
4869,73
4870,6
4871,65
4872,70
4873,50
4874,16
4875,51
4876,15
4877,27
4878,10
4879,31
4880,15
4881,48
4882,7
4883,25
4884,4
4885,74
4886,33
4887,9
4888,51
4889,1
4890,72
4891,85
4892,51
4893,11
4894,50
4895,20
4896,63
4897,15
4898,7
4899,33
4900,77
4901,74
4902,61
4903,37
4904,38
4905,76
4906,24
4907,1
4908,63
4909,70
4910,5
4911,85
4912,70
4913,1
4914,13
4915,74
4916,28
4917,65
4918,1
4919,3
4920,40
4921,31
4922,7
4923,6
4924,26
4925,82
4926,7
4927,7
4928,63
4929,63
4930,13
4931,66
4932,7
4933,13
4934,7
4935,6
4936,75
4937,31
4938,61
4939,54
4940,72
4941,7
4942,10
4943,84
4944,40
4945,63
4946,82
4947,42
4948,80
4949,17
4950,37
4951,2
4952,13
4953,31
4954,83
4955,85
4956,54
4957,20
4958,30
4959,74
4960,66
4961,47
4962,59
4963,53
4964,17
4965,82
4966,47
4967,17
4968,7
4969,67
4970,9
4971,10
4972,61
4973,17
4974,2
4975,33
4976,33
4977,74
4978,82
4979,70
4980,83
4981,78
4982,44
4983,52
4984,63
4985,40
4986,21
4987,70
4988,63
4989,64
4990,67
4991,65
4992,33
4993,60
4994,6
4995,17
4996,38
4997,10
4998,70
4999,81
5000,65
5001,47
5002,2
5003,9
5004,5
5005,82
5006,30
5007,82
5008,51
5009,72
5010,33
5011,46
5012,62
5013,7
5014,18
5015,22
5016,70
5017,65
5018,79
5019,12
5020,29
5021,63
5022,1
5023,57
5024,65
5025,65
5026,10
5027,74
5028,9
5029,48
5030,74
5031,63
5032,52
5033,64
5034,1
5035,9
5036,82
5037,64
5038,7
5039,54
5040,53
5041,42
5042,30
5043,77
5044,76
5045,7
5046,65
5047,42
5048,7
5049,19
5050,65
5051,53
5052,74
5053,81
5054,48
5055,13
5056,67
5057,50
5058,19
5059,21
5060,70
5061,85
5062,38
5063,12
5064,70
5065,53
5066,6
5067,6
5068,18
5069,25
5070,22
5071,14
5072,29
5073,15
5074,11
5075,9
5076,10
5077,6
5078,31
5079,36
5080,42
5081,40
5082,7
5083,22
5084,4
5085,22
5086,16
5087,16
5088,47
5089,21
5090,9
5091,70
5092,54
5093,50
5094,48
5095,1
5096,9
5097,48
5098,4
5099,85
5100,85
5101,54
5102,84
5103,65
5104,22
5105,68
5106,20
5107,2
5108,26
5109,31
5110,33
5111,25
5112,65
5113,65
5114,7
5115,65
5116,4
5117,23
5118,53
5119,12
5120,53
5121,7
5122,3
5123,7
5124,63
5125,79
5126,57
5127,81
5128,39
5129,62
5130,85
5131,29
5132,54
5133,26
5134,21
5135,77
5136,20
5137,10
5138,1
5139,12
5140,63
5141,22
5142,14
5143,81
5144,21
5145,2
5146,1
5147,48
5148,54
5149,85
5150,70
5151,83
5152,37
5153,57
5154,9
5155,61
5156,21
5157,42
5158,83
5159,85
5160,72
5161,63
5162,72
5163,21
5164,12
5165,38
5166,70
5167,11
5168,82
5169,50
5170,2
5171,61
5172,67
5173,36
5174,22
5175,3
5176,0
5177,60
5178,57
5179,53
5180,7
5181,25
5182,65
5183,17
5184,33
5185,19
5186,2
5187,12
5188,52
5189,4
5190,22
5191,7
5192,8
5193,48
5194,22
5195,60
5196,10
5197,6
5198,7
5199,50
5200,53
5201,6
5202,19
5203,74
5204,10
5205,84
5206,50
5207,1
5208,73
5209,54
5210,42
5211,22
5212,13
5213,21
5214,13
5215,54
5216,64
5217,2
5218,33
5219,13
5220,21
5221,10
5222,40
5223,67
5224,6
5225,54
5226,10
5227,4
5228,53
5229,22
5230,16
5231,65
5232,37
5233,60
5234,74
5235,82
5236,64
5237,70
5238,13
5239,15
5240,9
5241,22
5242,81
5243,0
5244,26
5245,62
5246,23
5247,19
5248,7
5249,13
5250,61
5251,33
5252,84
5253,65
5254,11
5255,11
5256,15
5257,82
5258,16
5259,32
5260,37
5261,10
5262,24
5263,63
5264,81
5265,50
5266,30
5267,7
5268,51
5269,47
5270,10
5271,51
5272,9
5273,7
5274,77
5275,60
5276,31
5277,53
5278,61
5279,9
5280,7
5281,85
5282,52
5283,9
5284,40
5285,38
5286,40
5287,22
5288,10
5289,7
5290,8
5291,82
5292,13
5293,7
5294,60
5295,84
5296,3
5297,77
5298,64
5299,6
5300,33
5301,10
5302,53
5303,7
5304,13
5305,11
5306,13
5307,16
5308,41
5309,74
5310,82
5311,65
5312,37
5313,9
5314,76
5315,84
5316,8
5317,6
5318,7
5319,40
5320,4
5321,81
5322,48
5323,8
5324,9
5325,7
5326,76
5327,20
5328,72
5329,7
5330,27
5331,51
5332,22
5333,13
5334,70
5335,83
5336,80
5337,9
5338,67
5339,85
5340,42
5341,64
5342,60
5343,10
5344,79
5345,76
5346,41
5347,65
5348,77
5349,10
5350,3
5351,1
5352,2
5353,76
5354,9
5355,7
5356,49
5357,80
5358,48
5359,81
5360,2
5361,50
5362,31
5363,81
5364,10
5365,7
5366,63
5367,83
5368,74
5369,83
5370,11
5371,31
5372,24
5373,78
5374,67
5375,17
5376,13
5377,84
5378,7
5379,32
5380,64
5381,17
5382,30
5383,9
5384,62
5385,19
5386,14
5387,70
5388,12
5389,10
5390,81
5391,82
5392,40
5393,9
5394,81
5395,15
5396,7
5397,2
5398,1
5399,16
5400,9
5401,42
5402,13
5403,48
5404,7
5405,65
5406,70
5407,67
5408,9
5409,81
5410,70
5411,83
5412,19
5413,29
5414,79
5415,29
5416,83
5417,63
5418,72
5419,81
5420,33
5421,40
5422,12
5423,25
5424,13
5425,13
5426,85
5427,7
5428,42
5429,65
5430,64
5431,0
5432,77
5433,13
5434,14
5435,1
5436,7
5437,85
5438,74
5439,19
5440,82
5441,50
5442,3
5443,48
5444,7
5445,40
5446,24
5447,13
5448,70
5449,4
5450,52
5451,36
5452,25
5453,84
5454,48
5455,65
5456,7
5457,84
5458,7
5459,62
5460,82
5461,42
5462,77
5463,40
5464,79
5465,7
5466,50
5467,7
5468,60
5469,65
5470,66
5471,9
5472,15
5473,72
5474,10
5475,47
5476,40
5477,66
5478,76
5479,64
5480,48
5481,74
5482,7
5483,16
5484,24
5485,78
5486,85
5487,29
5488,31
5489,42
5490,36
5491,48
5492,10
5493,22
5494,42
5495,25
5496,75
5497,31
5498,16
5499,76
5500,42
5501,9
5502,10
5503,12
5504,49
5505,6
5506,83
5507,77
5508,7
5509,65
5510,66
5511,4
5512,6
5513,38
5514,84
5515,24
5516,84
5517,6
5518,33
5519,61
5520,19
5521,59
5522,53
5523,65
5524,84
5525,60
5526,10
5527,38
5528,72
5529,19
5530,2
5531,83
5532,52
5533,36
5534,50
5535,36
5536,83
5537,40
5538,31
5539,27
5540,22
5541,5
5542,47
5543,21
5544,19
5545,38
5546,60
5547,0
5548,85
5549,74
5550,1
5551,82
5552,22
5553,50
5554,64
5555,10
5556,10
5557,77
5558,50
5559,11
5560,20
5561,19
5562,9
5563,30
5564,21
5565,50
5566,77
5567,1
5568,65
5569,80
5570,21
5571,8
5572,6
5573,65
5574,63
5575,52
5576,73
5577,83
5578,52
5579,65
5580,9
5581,67
5582,7
5583,22
5584,48
5585,6
5586,74
5587,27
5588,85
5589,84
5590,22
5591,80
5592,74
5593,28
5594,59
5595,60
5596,19
5597,48
5598,64
5599,84
5600,65
5601,7
5602,13
5603,12
5604,12
5605,82
5606,16
5607,2
5608,38
5609,83
5610,16
5611,7
5612,33
5613,37
5614,43
5615,82
5616,15
5617,7
5618,72
5619,33
5620,12
5621,85
5622,22
5623,83
5624,28
5625,51
5626,13
5627,13
5628,10
5629,10
5630,2
5631,1
5632,10
5633,35
5634,7
5635,80
5636,63
5637,67
5638,42
5639,38
5640,20
5641,9
5642,40
5643,64
5644,63
5645,22
5646,79
5647,48
5648,50
5649,4
5650,80
5651,7
5652,10
5653,1
5654,65
5655,31
5656,42
5657,13
5658,85
5659,85
5660,74
5661,0
5662,9
5663,82
5664,12
5665,77
5666,19
5667,15
5668,2
5669,74
5670,83
5671,10
5672,17
5673,22
5674,50
5675,67
5676,7
5677,10
5678,33
5679,16
5680,81
5681,33
5682,22
5683,22
5684,13
5685,10
5686,7
5687,11
5688,35
5689,6
5690,33
5691,7
5692,82
5693,9
5694,70
5695,7
5696,77
5697,40
5698,71
5699,84
5700,52
5701,33
5702,36
5703,3
5704,38
5705,11
5706,50
5707,12
5708,16
5709,42
5710,31
5711,53
5712,64
5713,22
5714,73
5715,0
5716,30
5717,7
5718,74
5719,10
5720,74
5721,63
5722,65
5723,38
5724,9
5725,2
5726,73
5727,80
5728,63
5729,60
5730,58
5731,82
5732,74
5733,13
5734,63
5735,4
5736,30
5737,65
5738,26
5739,9
5740,74
5741,48
5742,29
5743,50
5744,49
5745,50
5746,70
5747,40
5748,48
5749,52
5750,76
5751,66
5752,51
5753,64
5754,84
5755,84
5756,22
5757,10
5758,81
5759,70
5760,10
5761,64
5762,48
5763,82
5764,60
5765,42
5766,67
5767,2
5768,2
5769,42
5770,4
5771,40
5772,49
5773,10
5774,74
5775,82
5776,74
5777,61
5778,5
5779,13
5780,64
5781,72
5782,64
5783,53
5784,16
5785,84
5786,47
5787,22
5788,11
5789,48
5790,22
5791,9
5792,62
5793,81
5794,21
5795,64
5796,77
5797,37
5798,2
5799,2
5800,31
5801,1
5802,65
5803,81
5804,62
5805,9
5806,7
5807,7
5808,50
5809,50
5810,37
5811,64
5812,4
5813,51
5814,17
5815,38
5816,22
5817,27
5818,50
5819,29
5820,38
5821,18
5822,10
5823,17
5824,24
5825,59
5826,26
5827,2
5828,63
5829,81
5830,13
5831,48
5832,9
5833,48
5834,74
5835,40
5836,1
5837,30
5838,83
5839,65
5840,36
5841,28
5842,10
5843,9
5844,42
5845,53
5846,60
5847,13
5848,62
5849,33
5850,8
5851,22
5852,40
5853,52
5854,83
5855,67
5856,84
5857,12
5858,48
5859,76
5860,83
5861,65
5862,30
5863,64
5864,54
5865,85
5866,82
5867,7
5868,52
5869,81
5870,7
5871,74
5872,9
5873,74
5874,7
5875,67
5876,79
5877,82
5878,30
5879,23
5880,0
5881,25
5882,76
5883,85
5884,38
5885,7
5886,8
5887,36
5888,20
5889,68
5890,16
5891,59
5892,13
5893,13
5894,21
5895,22
5896,22
5897,57
5898,17
5899,10
5900,42
5901,83
5902,9
5903,82
5904,67
5905,70
5906,13
5907,62
5908,33
5909,9
5910,74
5911,74
5912,1
5913,74
5914,72
5915,7
5916,76
5917,38
5918,7
5919,50
5920,9
5921,7
5922,85
5923,9
5924,37
5925,70
5926,26
5927,64
5928,53
5929,48
5930,13
5931,33
5932,7
5933,4
5934,9
5935,40
5936,64
5937,82
5938,48
5939,17
5940,85
5941,73
5942,74
5943,36
5944,14
5945,42
5946,31
5947,59
5948,9
5949,52
5950,42
5951,82
5952,64
5953,53
5954,47
5955,54
5956,52
5957,74
5958,22
5959,40
5960,82
5961,7
5962,6
5963,13
5964,23
5965,42
5966,50
5967,30
5968,70
5969,9
5970,49
5971,65
5972,30
5973,74
5974,72
5975,63
5976,24
5977,62
5978,22
5979,51
5980,40
5981,76
5982,68
5983,2
5984,31
5985,63
5986,44
5987,41
5988,47
5989,77
5990,70
5991,81
5992,74
5993,33
5994,40
5995,57
5996,74
5997,79
5998,33
5999,63
6000,76
6001,0
6002,61
6003,31
6004,38
6005,48
6006,51
6007,13
6008,4
6009,65
6010,16
6011,16
6012,50
6013,64
6014,65
6015,41
6016,10
6017,8
6018,58
6019,42
6020,9
6021,64
6022,33
6023,81
6024,77
6025,31
6026,59
6027,1
6028,22
6029,66
6030,65
6031,42
6032,53
6033,38
6034,7
6035,29
6036,16
6037,6
6038,8
6039,79
6040,85
6041,41
6042,16
6043,33
6044,71
6045,70
6046,22
6047,7
6048,54
6049,38
6050,40
6051,79
6052,66
6053,52
6054,12
6055,84
6056,30
6057,21
6058,82
6059,1
6060,10
6061,64
6062,80
6063,62
6064,42
6065,33
6066,85
6067,63
6068,11
6069,85
6070,33
6071,13
6072,5
6073,23
6074,53
6075,13
6076,8
6077,74
6078,74
6079,81
6080,19
6081,52
6082,80
6083,74
6084,50
6085,82
6086,42
6087,76
6088,1
6089,65
6090,41
6091,65
6092,53
6093,16
6094,22
6095,50
6096,38
6097,40
6098,33
6099,37
6100,54
6101,62
6102,7
6103,72
6104,85
6105,4
6106,65
6107,47
6108,62
6109,77
6110,8
6111,64
6112,1
6113,30
6114,38
6115,82
6116,32
6117,33
6118,48
6119,9
6120,57
6121,12
6122,9
6123,42
6124,81
6125,12
6126,11
6127,9
6128,70
6129,10
6130,32
6131,2
6132,22
6133,76
6134,19
6135,83
6136,80
6137,26
6138,22
6139,83
6140,9
6141,7
6142,27
6143,4
6144,51
6145,66
6146,10
6147,65
6148,70
6149,53
6150,31
6151,65
6152,15
6153,70
6154,82
6155,73
6156,37
6157,33
6158,30
6159,2
6160,42
6161,81
6162,52
6163,70
6164,33
6165,48
6166,67
6167,47
6168,74
6169,70
6170,7
6171,52
6172,51
6173,20
6174,83
6175,60
6176,81
6177,15
6178,76
6179,72
6180,84
6181,22
6182,24
6183,61
6184,10
6185,84
6186,6
6187,26
6188,81
6189,17
6190,1
6191,30
6192,12
6193,19
6194,4
6195,70
6196,4
6197,13
6198,52
6199,45
6200,63
6201,33
6202,74
6203,32
6204,13
6205,7
6206,63
6207,81
6208,9
6209,32
6210,17
6211,16
6212,7
6213,4
6214,84
6215,29
6216,12
6217,65
6218,60
6219,33
6220,22
6221,30
6222,65
6223,52
6224,84
6225,29
6226,67
6227,65
6228,16
6229,13
6230,50
6231,3
6232,9
6233,12
6234,10
6235,31
6236,56
6237,9
6238,62
6239,47
6240,80
6241,7
6242,65
6243,7
6244,69
6245,7
6246,52
6247,37
6248,31
6249,81
6250,84
6251,8
6252,9
6253,22
6254,18
6255,7
6256,10
6257,85
6258,84
6259,48
6260,15
6261,80
6262,82
6263,74
6264,7
6265,9
6266,85
6267,29
6268,16
6269,64
6270,19
6271,48
6272,50
6273,51
6274,19
6275,74
6276,7
6277,42
6278,82
6279,80
6280,85
6281,30
6282,10
6283,19
6284,65
6285,59
6286,10
6287,33
6288,62
6289,30
6290,65
6291,0
6292,60
6293,42
6294,77
6295,63
6296,9
6297,50
6298,37
6299,77
6300,3
6301,71
6302,70
6303,10
6304,9
6305,65
6306,79
6307,81
6308,29
6309,25
6310,11
6311,15
6312,20
6313,20
6314,74
6315,4
6316,85
6317,79
6318,47
6319,12
6320,22
6321,19
6322,62
6323,51
6324,54
6325,31
6326,7
6327,68
6328,30
6329,85
6330,35
6331,9
6332,7
6333,37
6334,52
6335,48
6336,33
6337,33
6338,71
6339,19
6340,82
6341,65
6342,42
6343,82
6344,2
6345,81
6346,2
6347,72
6348,73
6349,50
6350,67
6351,54
6352,1
6353,65
6354,84
6355,22
6356,11
6357,70
6358,61
6359,82
6360,66
6361,9
6362,40
6363,9
6364,0
6365,50
6366,50
6367,74
6368,65
6369,47
6370,14
6371,63
6372,31
6373,64
6374,9
6375,1
6376,67
6377,53
6378,65
6379,12
6380,63
6381,9
6382,22
6383,1
6384,81
6385,2
6386,81
6387,77
6388,64
6389,22
6390,17
6391,66
6392,12
6393,26
6394,81
6395,8
6396,9
6397,12
6398,6
6399,60
6400,36
6401,77
6402,13
6403,83
6404,22
6405,2
6406,29
6407,48
6408,61
6409,37
6410,6
6411,11
6412,22
6413,80
6414,48
6415,36
6416,74
6417,7
6418,63
6419,60
6420,62
6421,37
6422,64
6423,81
6424,11
6425,7
6426,1
6427,23
6428,42
6429,42
6430,7
6431,70
6432,33
6433,14
6434,40
6435,7
6436,0
6437,7
6438,74
6439,82
6440,72
6441,47
6442,82
6443,13
6444,70
6445,80
6446,30
6447,47
6448,10
6449,47
6450,10
6451,49
6452,72
6453,13
6454,48
6455,70
6456,67
6457,84
6458,17
6459,67
6460,6
6461,82
6462,64
6463,50
6464,72
6465,82
6466,13
6467,47
6468,67
6469,2
6470,13
6471,65
6472,50
6473,63
6474,33
6475,20
6476,7
6477,60
6478,42
6479,53
6480,38
6481,33
6482,40
6483,63
6484,24
6485,65
6486,8
6487,53
6488,6
6489,2
6490,31
6491,52
6492,80
6493,70
6494,53
6495,13
6496,15
6497,68
6498,68
6499,13
6500,10
6501,85
6502,42
6503,65
6504,65
6505,1
6506,72
6507,9
6508,9
6509,84
6510,81
6511,74
6512,53
6513,70
6514,67
6515,4
6516,81
6517,65
6518,36
6519,74
6520,13
6521,78
6522,13
6523,7
6524,82
6525,53
6526,63
6527,62
6528,5
6529,16
6530,40
6531,10
6532,63
6533,83
6534,6
6535,77
6536,40
6537,40
6538,30
6539,50
6540,5
6541,68
6542,42
6543,6
6544,78
6545,60
6546,76
6547,65
6548,29
6549,22
6550,65
6551,40
6552,51
6553,16
6554,70
6555,65
6556,60
6557,65
6558,22
6559,9
6560,9
6561,74
6562,13
6563,85
6564,84
6565,51
6566,6
6567,51
6568,37
6569,81
6570,71
6571,81
6572,19
6573,72
6574,4
6575,3
6576,2
6577,65
6578,31
6579,33
6580,31
6581,7
6582,38
6583,85
6584,27
6585,82
6586,31
6587,33
6588,7
6589,9
6590,74
6591,3
6592,60
6593,74
6594,50
6595,11
6596,7
6597,6
6598,85
6599,16
6600,85
6601,4
6602,21
6603,52
6604,52
6605,81
6606,15
6607,62
6608,74
6609,54
6610,74
6611,6
6612,6
6613,1
6614,82
6615,48
6616,64
6617,65
6618,84
6619,57
6620,2
6621,38
6622,22
6623,83
6624,82
6625,54
6626,81
6627,1
6628,52
6629,2
6630,2
6631,82
6632,85
6633,22
6634,82
6635,72
6636,64
6637,47
6638,81
6639,17
6640,50
6641,47
6642,84
6643,7
6644,42
6645,83
6646,8
6647,16
6648,16
6649,42
6650,84
6651,10
6652,65
6653,47
6654,83
6655,54
6656,64
6657,13
6658,70
6659,71
6660,19
6661,63
6662,48
6663,81
6664,78
6665,13
6666,67
6667,13
6668,79
6669,80
6670,37
6671,25
6672,22
6673,27
6674,31
6675,10
6676,81
6677,10
6678,64
6679,55
6680,4
6681,63
6682,40
6683,83
6684,2
6685,2
6686,67
6687,10
6688,52
6689,17
6690,83
6691,53
6692,55
6693,3
6694,25
6695,74
6696,50
6697,41
6698,19
6699,41
6700,45
6701,78
6702,21
6703,42
6704,63
6705,70
6706,77
6707,19
6708,62
6709,3
6710,31
6711,0
6712,37
6713,10
6714,20
6715,33
6716,70
6717,65
6718,9
6719,2
6720,15
6721,52
6722,60
6723,64
6724,6
6725,81
6726,54
6727,82
6728,64
6729,9
6730,48
6731,41
6732,54
6733,48
6734,9
6735,82
6736,57
6737,11
6738,50
6739,33
6740,13
6741,84
6742,53
6743,19
6744,12
6745,36
6746,7
6747,47
6748,19
6749,64
6750,70
6751,27
6752,1
6753,30
6754,72
6755,20
6756,60
6757,13
6758,48
6759,47
6760,22
6761,29
6762,81
6763,66
6764,30
6765,70
6766,5
6767,85
6768,37
6769,54
6770,7
6771,61
6772,85
6773,70
6774,9
6775,63
6776,84
6777,67
6778,48
6779,77
6780,33
6781,40
6782,71
6783,22
6784,36
6785,38
6786,33
6787,10
6788,4
6789,52
6790,7
6791,74
6792,49
6793,11
6794,34
6795,30
6796,6
6797,33
6798,47
6799,29
6800,2
6801,61
6802,10
6803,62
6804,2
6805,9
6806,65
6807,8
6808,7
6809,35
6810,38
6811,20
6812,7
6813,1
6814,77
6815,64
6816,63
6817,53
6818,10
6819,34
6820,29
6821,42
6822,31
6823,14
6824,80
6825,84
6826,65
6827,43
6828,38
6829,30
6830,2
6831,7
6832,74
6833,17
6834,48
6835,36
6836,85
6837,50
6838,40
6839,9
6840,27
6841,81
6842,16
6843,0
6844,2
6845,11
6846,38
6847,48
6848,4
6849,65
6850,71
6851,50
6852,63
6853,70
6854,38
6855,13
6856,23
6857,84
6858,80
6859,64
6860,16
6861,48
6862,84
6863,47
6864,2
6865,7
6866,6
6867,6
6868,64
6869,74
6870,31
6871,16
6872,21
6873,54
6874,7
6875,16
6876,9
6877,10
6878,48
6879,82
6880,4
6881,54
6882,2
6883,83
6884,62
6885,50
6886,85
6887,12
6888,7
6889,54
6890,22
6891,84
6892,77
6893,47
6894,68
6895,73
6896,66
6897,10
6898,22
6899,12
6900,7
6901,7
6902,31
6903,8
6904,22
6905,81
6906,33
6907,2
6908,70
6909,22
6910,10
6911,15
6912,65
6913,74
6914,3
6915,37
6916,26
6917,70
6918,9
6919,50
6920,84
6921,73
6922,1
6923,13
6924,24
6925,42
6926,2
6927,51
6928,29
6929,71
6930,40
6931,50
6932,6
6933,51
6934,7
6935,31
6936,13
6937,22
6938,35
6939,14
6940,52
6941,22
6942,47
6943,47
6944,18
6945,81
6946,65
6947,64
6948,63
6949,12
6950,33
6951,0
6952,13
6953,59
6954,65
6955,64
6956,66
6957,67
6958,42
6959,80
6960,15
6961,6
6962,7
6963,10
6964,50
6965,14
6966,40
6967,47
6968,22
6969,67
6970,33
6971,84
6972,7
6973,37
6974,3
6975,31
6976,67
6977,0
6978,17
6979,29
6980,84
6981,59
6982,64
6983,53
6984,67
6985,26
6986,48
6987,1
6988,5
6989,33
6990,38
6991,6
6992,52
6993,74
6994,64
6995,70
6996,48
6997,30
6998,74
6999,82
7000,63
7001,63
7002,63
7003,1
7004,1
7005,65
7006,49
7007,74
7008,47
7009,22
7010,54
7011,16
7012,70
7013,33
7014,48
7015,83
7016,42
7017,80
7018,30
7019,82
7020,11
7021,1
7022,13
7023,24
7024,70
7025,57
7026,40
7027,30
7028,82
7029,54
7030,76
7031,50
7032,65
7033,68
7034,65
7035,80
7036,25
7037,4
7038,11
7039,64
7040,74
7041,10
7042,85
7043,60
7044,7
7045,40
7046,74
7047,13
7048,53
7049,12
7050,64
7051,4
7052,38
7053,16
7054,2
7055,10
7056,60
7057,40
7058,65
7059,2
7060,1
7061,50
7062,59
7063,3
7064,33
7065,31
7066,65
7067,70
7068,83
7069,67
7070,82
7071,33
7072,8
7073,63
7074,70
7075,50
7076,2
7077,65
7078,81
7079,7
7080,67
7081,21
7082,77
7083,65
7084,19
7085,61
7086,63
7087,60
7088,13
7089,31
7090,13
7091,16
7092,53
7093,15
7094,7
7095,7
7096,67
7097,72
7098,31
7099,53
7100,80
7101,26
7102,13
7103,10
7104,5
7105,42
7106,16
7107,65
7108,54
7109,64
7110,75
7111,13
7112,51
7113,63
7114,85
7115,47
7116,70
7117,31
7118,9
7119,12
7120,13
7121,68
7122,22
7123,53
7124,81
7125,50
7126,80
7127,17
7128,11
7129,53
7130,83
7131,49
7132,70
7133,74
7134,7
7135,7
7136,51
7137,80
7138,64
7139,71
7140,14
7141,47
7142,22
7143,7
7144,6
7145,81
7146,10
7147,16
7148,62
7149,81
7150,84
7151,83
7152,24
7153,85
7154,10
7155,72
7156,7
7157,50
7158,0
7159,85
7160,7
7161,64
7162,4
7163,63
7164,31
7165,1
7166,52
7167,33
7168,31
7169,37
7170,37
7171,82
7172,33
7173,30
7174,65
7175,63
7176,84
7177,85
7178,70
7179,65
7180,7
7181,34
7182,49
7183,40
7184,47
7185,22
7186,9
7187,8
7188,59
7189,82
7190,47
7191,39
7192,33
7193,64
7194,16
7195,7
7196,74
7197,9
7198,85
7199,65
7200,16
7201,3
7202,10
7203,37
7204,7
7205,33
7206,67
7207,85
7208,77
7209,7
7210,0
7211,4
7212,81
7213,82
7214,47
7215,6
7216,50
7217,65
7218,10
7219,1
7220,62
7221,50
7222,6
7223,52
7224,8
7225,7
7226,48
7227,51
7228,1
7229,26
7230,22
7231,33
7232,74
7233,66
7234,1
7235,74
7236,60
7237,54
7238,10
7239,4
7240,7
7241,65
7242,76
7243,54
7244,8
7245,85
7246,40
7247,21
7248,78
7249,63
7250,81
7251,29
7252,16
7253,31
7254,17
7255,53
7256,70
7257,9
7258,63
7259,50
7260,22
7261,4
7262,33
7263,14
7264,27
7265,22
7266,61
7267,9
7268,85
7269,79
7270,22
7271,9
7272,9
7273,50
7274,65
7275,13
7276,67
7277,7
7278,40
7279,83
7280,62
7281,1
7282,4
7283,64
7284,59
7285,65
7286,67
7287,62
7288,81
7289,48
7290,47
7291,38
7292,65
7293,13
7294,7
7295,75
7296,74
7297,48
7298,22
7299,6
7300,70
7301,37
7302,37
7303,7
7304,40
7305,33
7306,7
7307,1
7308,85
7309,78
7310,65
7311,1
7312,22
7313,15
7314,84
7315,82
7316,37
7317,30
7318,0
7319,54
7320,42
7321,52
7322,71
7323,73
7324,7
7325,63
7326,7
7327,22
7328,20
7329,81
7330,7
7331,13
7332,1
7333,19
7334,10
7335,21
7336,16
7337,74
7338,10
7339,65
7340,42
7341,80
7342,65
7343,42
7344,54
7345,40
7346,30
7347,13
7348,65
7349,36
7350,65
7351,64
7352,16
7353,79
7354,25
7355,59
7356,53
7357,61
7358,6
7359,65
7360,77
7361,63
7362,4
7363,2
7364,81
7365,73
7366,1
7367,38
7368,53
7369,47
7370,47
7371,65
7372,35
7373,54
7374,82
7375,20
7376,53
7377,67
7378,30
7379,36
7380,67
7381,7
7382,84
7383,9
7384,74
7385,10
7386,13
7387,22
7388,72
7389,9
7390,66
7391,41
7392,65
7393,82
7394,77
7395,84
7396,80
7397,66
7398,7
7399,12
7400,12
7401,84
7402,49
7403,78
7404,10
7405,72
7406,52
7407,12
7408,33
7409,6
7410,53
7411,81
7412,23
7413,65
7414,18
7415,53
7416,64
7417,21
7418,74
7419,70
7420,31
7421,50
7422,31
7423,30
7424,4
7425,79
7426,7
7427,80
7428,11
7429,50
7430,1
7431,67
7432,10
7433,72
7434,82
7435,21
7436,70
7437,59
7438,33
7439,64
7440,3
7441,53
7442,65
7443,7
7444,82
7445,48
7446,47
7447,8
7448,10
7449,67
7450,52
7451,3
7452,36
7453,37
7454,7
7455,3
7456,48
7457,35
7458,7
7459,2
7460,61
7461,71
7462,81
7463,22
7464,74
7465,13
7466,24
7467,48
7468,2
7469,60
7470,11
7471,64
7472,38
7473,83
7474,15
7475,83
7476,37
7477,15
7478,17
7479,70
7480,19
7481,32
7482,29
7483,75
7484,50
7485,33
7486,85
7487,52
7488,38
7489,50
7490,17
7491,82
7492,82
7493,63
7494,81
7495,40
7496,74
7497,81
7498,53
7499,76
7500,79
7501,54
7502,62
7503,63
7504,11
7505,14
7506,82
7507,13
7508,74
7509,65
7510,53
7511,33
7512,67
7513,42
7514,36
7515,66
7516,40
7517,63
7518,70
7519,50
7520,1
7521,40
7522,38
7523,10
7524,74
7525,7
7526,42
7527,51
7528,81
7529,30
7530,48
7531,60
7532,33
7533,54
7534,13
7535,64
7536,72
7537,75
7538,56
7539,67
7540,40
7541,63
7542,7
7543,74
7544,2
7545,82
7546,75
7547,40
7548,7
7549,65
7550,52
7551,38
7552,9
7553,16
7554,85
7555,47
7556,19
7557,29
7558,40
7559,2
7560,11
7561,2
7562,84
7563,47
7564,50
7565,4
7566,13
7567,2
7568,29
7569,7
7570,6
7571,65
7572,53
7573,7
7574,74
7575,4
7576,16
7577,38
7578,85
7579,26
7580,64
7581,85
7582,7
7583,20
7584,67
7585,79
7586,9
7587,28
7588,48
7589,52
7590,7
7591,20
7592,77
7593,80
7594,24
7595,0
7596,85
7597,22
7598,82
7599,74
7600,26
7601,19
7602,82
7603,7
7604,38
7605,47
7606,71
7607,33
7608,27
7609,71
7610,81
7611,53
7612,22
7613,70
7614,22
7615,2
7616,64
7617,65
7618,79
7619,7
7620,42
7621,22
7622,1
7623,70
7624,71
7625,61
7626,13
7627,7
7628,70
7629,7
7630,2
7631,33
7632,10
7633,67
7634,10
7635,10
7636,59
7637,9
7638,61
7639,37
7640,65
7641,84
7642,19
7643,51
7644,43
7645,65
7646,1
7647,50
7648,48
7649,74
7650,79
7651,47
7652,74
7653,70
7654,82
7655,14
7656,52
7657,80
7658,70
7659,15
7660,81
7661,40
7662,77
7663,7
7664,47
7665,53
7666,48
7667,2
7668,42
7669,64
7670,13
7671,7
7672,52
7673,7
7674,58
7675,16
7676,70
7677,7
7678,13
7679,74
7680,65
7681,82
7682,70
7683,17
7684,65
7685,65
7686,84
7687,41
7688,9
7689,84
7690,82
7691,42
7692,9
7693,22
7694,7
7695,17
7696,11
7697,48
7698,10
7699,13
7700,81
7701,53
7702,2
7703,63
7704,7
7705,51
7706,9
7707,8
7708,33
7709,9
7710,7
7711,65
7712,10
7713,49
7714,48
7715,11
7716,41
7717,67
7718,13
7719,48
7720,82
7721,12
7722,37
7723,70
7724,21
7725,2
7726,64
7727,84
7728,61
7729,13
7730,33
7731,71
7732,64
7733,17
7734,7
7735,59
7736,40
7737,64
7738,78
7739,24
7740,64
7741,8
7742,19
7743,47
7744,21
7745,42
7746,21
7747,64
7748,22
7749,13
7750,50
7751,13
7752,69
7753,50
7754,64
7755,65
7756,16
7757,10
7758,63
7759,71
7760,82
7761,83
7762,7
7763,70
7764,63
7765,6
7766,82
7767,72
7768,40
7769,12
7770,80
7771,1
7772,12
7773,60
7774,65
7775,52
7776,13
7777,59
7778,85
7779,81
7780,51
7781,8
7782,33
7783,4
7784,7
7785,33
7786,81
7787,61
7788,19
7789,19
7790,20
7791,31
7792,59
7793,10
7794,46
7795,63
7796,84
7797,61
7798,62
7799,10
7800,51
7801,3
7802,10
7803,65
7804,85
7805,53
7806,82
7807,84
7808,6
7809,53
7810,70
7811,53
7812,61
7813,65
7814,6
7815,81
7816,38
7817,13
7818,84
7819,48
7820,85
7821,74
7822,82
7823,0
7824,6
7825,84
7826,22
7827,47
7828,66
7829,83
7830,7
7831,13
7832,80
7833,85
7834,47
7835,25
7836,37
7837,36
7838,17
7839,13
7840,19
7841,33
7842,33
7843,67
7844,12
7845,40
7846,17
7847,83
7848,65
7849,80
7850,81
7851,83
7852,22
7853,48
7854,47
7855,24
7856,3
7857,54
7858,37
7859,36
7860,64
7861,7
7862,20
7863,78
7864,29
7865,53
7866,21
7867,1
7868,9
7869,70
7870,19
7871,13
7872,57
7873,10
7874,75
7875,38
7876,63
7877,16
7878,48
7879,80
7880,70
7881,36
7882,42
7883,83
7884,33
7885,31
7886,12
7887,79
7888,16
7889,22
7890,83
7891,1
7892,1
7893,61
7894,15
7895,50
7896,10
7897,9
7898,54
7899,13
7900,42
7901,76
7902,6
7903,30
7904,9
7905,80
7906,6
7907,24
7908,33
7909,7
7910,42
7911,66
7912,10
7913,13
7914,13
7915,29
7916,51
7917,67
7918,76
7919,66
7920,57
7921,50
7922,31
7923,1
7924,37
7925,40
7926,64
7927,81
7928,7
7929,10
7930,7
7931,83
7932,20
7933,65
7934,7
7935,51
7936,38
7937,64
7938,1
7939,85
7940,60
7941,63
7942,6
7943,10
7944,71
7945,22
7946,49
7947,6
7948,48
7949,0
7950,33
7951,85
7952,40
7953,70
7954,31
7955,40
7956,7
7957,42
7958,34
7959,84
7960,64
7961,29
7962,38
7963,83
7964,38
7965,9
7966,9
7967,1
7968,64
7969,16
7970,64
7971,40
7972,19
7973,52
7974,13
7975,52
7976,53
7977,50
7978,70
7979,7
7980,33
7981,85
7982,24
7983,82
7984,10
7985,74
7986,74
7987,81
7988,51
7989,33
7990,7
7991,42
7992,73
7993,70
7994,1
7995,16
7996,67
7997,25
7998,6
7999,74
8000,19
8001,82
8002,6
8003,48
8004,65
8005,50
8006,61
8007,82
8008,65
8009,41
8010,48
8011,9
8012,65
8013,50
8014,66
8015,81
8016,83
8017,2
8018,31
8019,15
8020,19
8021,82
8022,16
8023,37
8024,16
8025,4
8026,23
8027,26
8028,22
8029,64
8030,3
8031,21
8032,83
8033,54
8034,50
8035,10
8036,10
8037,47
8038,7
8039,31
8040,54
8041,7
8042,2
8043,7
8044,63
8045,55
8046,70
8047,70
8048,25
8049,76
8050,79
8051,38
8052,7
8053,1
8054,7
8055,33
8056,74
8057,33
8058,50
8059,33
8060,81
8061,50
8062,74
8063,1
8064,82
8065,27
8066,3
8067,71
8068,23
8069,21
8070,22
8071,53
8072,9
8073,74
8074,65
8075,33
8076,2
8077,72
8078,4
8079,74
8080,2
8081,54
8082,5
8083,80
8084,59
8085,64
8086,50
8087,59
8088,27
8089,36
8090,54
8091,40
8092,54
8093,15
8094,2
8095,53
8096,13
8097,85
8098,65
8099,74
8100,84
8101,74
8102,11
8103,72
8104,83
8105,63
8106,2
8107,12
8108,48
8109,13
8110,48
8111,6
8112,70
8113,81
8114,10
8115,71
8116,40
8117,64
8118,70
8119,42
8120,67
8121,77
8122,50
8123,24
8124,81
8125,62
8126,51
8127,65
8128,82
8129,40
8130,9
8131,74
8132,9
8133,20
8134,9
8135,17
8136,1
8137,61
8138,6
8139,52
8140,47
8141,67
8142,68
8143,47
8144,59
8145,33
8146,59
8147,47
8148,11
8149,31
8150,47
8151,10
8152,19
8153,50
8154,81
8155,21
8156,81
8157,9
8158,24
8159,79
8160,52
8161,13
8162,17
8163,65
8164,82
8165,6
8166,78
8167,2
8168,67
8169,1
8170,7
8171,33
8172,82
8173,7
8174,81
8175,19
8176,14
8177,13
8178,13
8179,11
8180,23
8181,6
8182,13
8183,23
8184,60
8185,7
8186,9
8187,80
8188,1
8189,21
8190,38
8191,20
8192,80
8193,81
8194,22
8195,2
8196,1
8197,81
8198,50
8199,85
8200,65
8201,47
8202,1
8203,7
8204,84
8205,31
8206,63
8207,13
8208,77
8209,79
8210,6
8211,2
8212,56
8213,64
8214,10
8215,64
8216,64
8217,59
8218,4
8219,7
8220,63
8221,13
8222,77
8223,81
8224,7
8225,12
8226,30
8227,67
8228,50
8229,19
8230,50
8231,2
8232,57
8233,13
8234,50
8235,13
8236,83
8237,64
8238,33
8239,47
8240,65
8241,30
8242,9
8243,7
8244,37
8245,68
8246,24
8247,64
8248,50
8249,52
8250,7
8251,70
8252,33
8253,19
8254,51
8255,33
8256,67
8257,63
8258,7
8259,13
8260,63
8261,25
8262,74
8263,6
8264,16
8265,53
8266,48
8267,4
8268,81
8269,42
8270,85
8271,42
8272,9
8273,10
8274,9
8275,48
8276,16
8277,7
8278,15
8279,74
8280,79
8281,68
8282,10
8283,83
8284,72
8285,21
8286,7
8287,54
8288,64
8289,22
8290,12
8291,72
8292,11
8293,74
8294,82
8295,13
8296,17
8297,80
8298,7
8299,70
8300,38
8301,20
8302,64
8303,84
8304,82
8305,64
8306,65
8307,47
8308,53
8309,81
8310,15
8311,65
8312,1
8313,70
8314,85
8315,67
8316,1
8317,42
8318,70
8319,40
8320,13
8321,40
8322,70
8323,1
8324,12
8325,7
8326,6
8327,70
8328,70
8329,10
8330,2
8331,83
8332,40
8333,5
8334,40
8335,85
8336,22
8337,41
8338,74
8339,67
8340,2
8341,77
8342,22
8343,57
8344,80
8345,2
8346,57
8347,42
8348,36
8349,26
8350,83
8351,71
8352,50
8353,11
8354,72
8355,60
8356,67
8357,10
8358,65
8359,73
8360,9
8361,74
8362,42
8363,74
8364,37
8365,52
8366,80
8367,74
8368,10
8369,31
8370,7
8371,1
8372,80
8373,53
8374,70
8375,65
8376,57
8377,42
8378,15
8379,10
8380,48
8381,7
8382,48
8383,7
8384,10
8385,77
8386,74
8387,42
8388,85
8389,84
8390,50
8391,74
8392,84
8393,81
8394,42
8395,7
8396,68
8397,7
8398,1
8399,29
8400,33
8401,38
8402,78
8403,48
8404,62
8405,20
8406,48
8407,67
8408,82
8409,10
8410,66
8411,85
8412,47
8413,1
8414,21
8415,33
8416,52
8417,7
8418,12
8419,42
8420,10
8421,7
8422,52
8423,79
8424,85
8425,12
8426,22
8427,78
8428,81
8429,33
8430,70
8431,73
8432,61
8433,15
8434,66
8435,62
8436,33
8437,47
8438,81
8439,29
8440,15
8441,85
8442,62
8443,12
8444,10
8445,14
8446,10
8447,10
8448,29
8449,52
8450,84
8451,17
8452,10
8453,22
8454,48
8455,13
8456,0
8457,17
8458,42
8459,52
8460,82
8461,20
8462,50
8463,74
8464,74
8465,9
8466,21
8467,7
8468,7
8469,82
8470,9
8471,20
8472,48
8473,74
8474,70
8475,52
8476,70
8477,84
8478,30
8479,7
8480,59
8481,54
8482,52
8483,2
8484,83
8485,79
8486,7
8487,21
8488,22
8489,7
8490,3
8491,48
8492,48
8493,38
8494,7
8495,50
8496,61
8497,9
8498,25
8499,15
8500,16
8501,64
8502,7
8503,9
8504,7
8505,68
8506,83
8507,7
8508,11
8509,52
8510,67
8511,7
8512,5
8513,52
8514,12
8515,81
8516,70
8517,48
8518,30
8519,47
8520,72
8521,11
8522,65
8523,16
8524,84
8525,36
8526,65
8527,61
8528,20
8529,30
8530,67
8531,30
8532,85
8533,53
8534,81
8535,77
8536,21
8537,63
8538,62
8539,15
8540,2
8541,10
8542,65
8543,16
8544,9
8545,67
8546,70
8547,25
8548,65
8549,65
8550,16
8551,18
8552,80
8553,19
8554,62
8555,16
8556,50
8557,1
8558,4
8559,10
8560,59
8561,80
8562,37
8563,24
8564,38
8565,19
8566,47
8567,33
8568,50
8569,62
8570,41
8571,70
8572,42
8573,50
8574,15
8575,1
8576,30
8577,63
8578,29
8579,10
8580,7
8581,51
8582,21
8583,33
8584,10
8585,82
8586,26
8587,71
8588,83
8589,13
8590,50
8591,33
8592,65
8593,70
8594,54
8595,64
8596,31
8597,63
8598,82
8599,13
8600,84
8601,30
8602,42
8603,60
8604,65
8605,68
8606,64
8607,9
8608,60
8609,81
8610,22
8611,79
8612,65
8613,75
8614,59
8615,81
8616,2
8617,2
8618,6
8619,2
8620,3
8621,13
8622,85
8623,71
8624,82
8625,20
8626,60
8627,7
8628,51
8629,2
8630,30
8631,70
8632,7
8633,45
8634,74
8635,6
8636,47
8637,13
8638,13
8639,74
8640,7
8641,82
8642,67
8643,42
8644,62
8645,65
8646,74
8647,48
8648,49
8649,2
8650,81
8651,13
8652,1
8653,53
8654,53
8655,72
8656,1
8657,47
8658,65
8659,9
8660,7
8661,84
8662,24
8663,74
8664,12
8665,26
8666,50
8667,29
8668,20
8669,13
8670,33
8671,82
8672,82
8673,1
8674,83
8675,19
8676,47
8677,13
8678,31
8679,9
8680,42
8681,33
8682,13
8683,39
8684,10
8685,22
8686,41
8687,29
8688,65
8689,2
8690,11
8691,47
8692,63
8693,54
8694,7
8695,70
8696,84
8697,65
8698,83
8699,59
8700,76
8701,70
8702,10
8703,7
8704,64
8705,19
8706,22
8707,30
8708,37
8709,9
8710,64
8711,59
8712,81
8713,51
8714,30
8715,52
8716,81
8717,62
8718,11
8719,15
8720,22
8721,51
8722,4
8723,21
8724,61
8725,4
8726,22
8727,40
8728,26
8729,64
8730,47
8731,65
8732,80
8733,33
8734,12
8735,10
8736,38
8737,15
8738,62
8739,40
8740,85
8741,41
8742,77
8743,47
8744,64
8745,84
8746,63
8747,82
8748,70
8749,81
8750,33
8751,12
8752,10
8753,15
8754,65
8755,7
8756,81
8757,6
8758,15
8759,20
8760,13
8761,50
8762,15
8763,13
8764,23
8765,82
8766,42
8767,7
8768,41
8769,82
8770,9
8771,53
8772,15
8773,12
8774,7
8775,11
8776,13
8777,41
8778,82
8779,13
8780,64
8781,12
8782,40
8783,65
8784,63
8785,61
8786,16
8787,10
8788,33
8789,77
8790,33
8791,10
8792,76
8793,38
8794,11
8795,84
8796,48
8797,8
8798,1
8799,70
8800,32
8801,65
8802,65
8803,70
8804,49
8805,31
8806,62
8807,53
8808,64
8809,85
8810,8
8811,62
8812,30
8813,7
8814,66
8815,53
8816,2
8817,82
8818,7
8819,64
8820,83
8821,79
8822,54
8823,11
8824,7
8825,33
8826,7
8827,63
8828,24
8829,2
8830,7
8831,67
8832,1
8833,40
8834,66
8835,33
8836,63
8837,22
8838,2
8839,15
8840,82
8841,13
8842,50
8843,80
8844,65
8845,27
8846,12
8847,60
8848,81
8849,65
8850,20
8851,67
8852,8
8853,67
8854,18
8855,18
8856,61
8857,47
8858,16
8859,10
8860,17
8861,66
8862,67
8863,16
8864,65
8865,38
8866,47
8867,33
8868,2
8869,50
8870,57
8871,37
8872,47
8873,77
8874,7
8875,42
8876,82
8877,33
8878,69
8879,48
8880,74
8881,26
8882,4
8883,47
8884,4
8885,11
8886,38
8887,7
8888,53
8889,83
8890,19
8891,22
8892,54
8893,7
8894,74
8895,62
8896,74
8897,81
8898,65
8899,9
8900,24
8901,7
8902,64
8903,42
8904,84
8905,81
8906,64
8907,40
8908,21
8909,14
8910,9
8911,37
8912,7
8913,2
8914,68
8915,53
8916,9
8917,65
8918,2
8919,22
8920,12
8921,81
8922,64
8923,3
8924,51
8925,82
8926,70
8927,7
8928,11
8929,85
8930,42
8931,65
8932,47
8933,48
8934,80
8935,14
8936,22
8937,81
8938,84
8939,22
8940,46
8941,19
8942,47
8943,12
8944,14
8945,4
8946,42
8947,25
8948,33
8949,9
8950,82
8951,38
8952,74
8953,13
8954,7
8955,81
8956,74
8957,57
8958,50
8959,63
8960,64
8961,9
8962,64
8963,16
8964,2
8965,55
8966,4
8967,7
8968,65
8969,2
8970,22
8971,4
8972,71
8973,42
8974,2
8975,14
8976,1
8977,22
8978,2
8979,50
8980,21
8981,12
8982,11
8983,42
8984,80
8985,81
8986,40
8987,64
8988,14
8989,50
8990,50
8991,11
8992,7
8993,40
8994,7
8995,70
8996,64
8997,44
8998,50
8999,13
9000,10
9001,11
9002,7
9003,9
9004,74
9005,2
9006,7
9007,65
9008,63
9009,13
9010,50
9011,37
9012,65
9013,81
9014,81
9015,10
9016,2
9017,30
9018,33
9019,42
9020,31
9021,64
9022,4
9023,63
9024,81
9025,26
9026,84
9027,57
9028,10
9029,7
9030,17
9031,83
9032,33
9033,50
9034,12
9035,10
9036,20
9037,47
9038,65
9039,38
9040,72
9041,12
9042,50
9043,63
9044,13
9045,80
9046,70
9047,12
9048,47
9049,9
9050,79
9051,17
9052,33
9053,2
9054,80
9055,64
9056,7
9057,74
9058,22
9059,81
9060,48
9061,85
9062,71
9063,53
9064,72
9065,12
9066,13
9067,15
9068,52
9069,76
9070,11
9071,53
9072,33
9073,82
9074,80
9075,8
9076,9
9077,65
9078,7
9079,9
9080,38
9081,65
9082,72
9083,2
9084,38
9085,67
9086,59
9087,31
9088,80
9089,2
9090,3
9091,51
9092,2
9093,65
9094,65
9095,25
9096,36
9097,43
9098,40
9099,10
9100,70
9101,7
9102,37
9103,7
9104,47
9105,52
9106,70
9107,7
9108,76
9109,2
9110,10
9111,50
9112,38
9113,33
9114,82
9115,56
9116,85
9117,7
9118,52
9119,71
9120,63
9121,74
9122,73
9123,54
9124,47
9125,10
9126,7
9127,63
9128,14
9129,81
9130,82
9131,50
9132,48
9133,50
9134,13
9135,71
9136,40
9137,22
9138,60
9139,85
9140,10
9141,65
9142,10
9143,83
9144,65
9145,22
9146,74
9147,53
9148,65
9149,85
9150,82
9151,83
9152,80
9153,81
9154,70
9155,81
9156,22
9157,40
9158,70
9159,11
9160,22
9161,9
9162,14
9163,53
9164,12
9165,15
9166,32
9167,70
9168,50
9169,64
9170,13
9171,69
9172,80
9173,29
9174,51
9175,72
9176,13
9177,17
9178,11
9179,65
9180,82
9181,30
9182,82
9183,15
9184,82
9185,2
9186,34
9187,81
9188,80
9189,7
9190,85
9191,82
9192,64
9193,31
9194,81
9195,11
9196,36
9197,41
9198,51
9199,13
9200,4
9201,7
9202,30
9203,24
9204,24
9205,20
9206,71
9207,85
9208,7
9209,54
9210,51
9211,10
9212,9
9213,4
9214,13
9215,26
9216,54
9217,7
9218,22
9219,1
9220,65
9221,19
9222,10
9223,79
9224,13
9225,50
9226,53
9227,42
9228,15
9229,84
9230,17
9231,77
9232,29
9233,51
9234,22
9235,82
9236,34
9237,51
9238,7
9239,64
9240,2
9241,29
9242,82
9243,4
9244,16
9245,31
9246,51
9247,9
9248,61
9249,62
9250,50
9251,83
9252,77
9253,64
9254,31
9255,51
9256,17
9257,42
9258,83
9259,7
9260,63
9261,74
9262,66
9263,63
9264,17
9265,15
9266,25
9267,42
9268,52
9269,13
9270,52
9271,74
9272,0
9273,9
9274,2
9275,81
9276,16
9277,65
9278,74
9279,50
9280,85
9281,40
9282,51
9283,72
9284,47
9285,7
9286,13
9287,77
9288,36
9289,9
9290,65
9291,51
9292,72
9293,26
9294,12
9295,14
9296,8
9297,53
9298,8
9299,19
9300,48
9301,33
9302,33
9303,7
9304,84
9305,7
9306,52
9307,64
9308,30
9309,62
9310,7
9311,13
9312,6
9313,9
9314,67
9315,10
9316,2
9317,7
9318,42
9319,53
9320,30
9321,35
9322,13
9323,49
9324,13
9325,64
9326,50
9327,25
9328,10
9329,40
9330,80
9331,10
9332,63
9333,83
9334,4
9335,22
9336,2
9337,53
9338,7
9339,16
9340,42
9341,82
9342,80
9343,33
9344,66
9345,65
9346,13
9347,7
9348,64
9349,63
9350,66
9351,50
9352,23
9353,54
9354,10
9355,2
9356,7
9357,1
9358,51
9359,57
9360,50
9361,42
9362,78
9363,9
9364,21
9365,6
9366,71
9367,7
9368,54
9369,10
9370,1
9371,65
9372,8
9373,48
9374,11
9375,81
9376,47
9377,30
9378,42
9379,6
9380,48
9381,83
9382,22
9383,7
9384,65
9385,19
9386,70
9387,66
9388,67
9389,62
9390,31
9391,74
9392,83
9393,24
9394,74
9395,76
9396,15
9397,59
9398,74
9399,40
9400,12
9401,65
9402,85
9403,22
9404,1
9405,16
9406,31
9407,13
9408,2
9409,27
9410,62
9411,33
9412,67
9413,40
9414,50
9415,84
9416,57
9417,68
9418,3
9419,21
9420,37
9421,12
9422,76
9423,51
9424,67
9425,64
9426,70
9427,48
9428,61
9429,40
9430,50
9431,84
9432,65
9433,14
9434,16
9435,85
9436,70
9437,8
9438,15
9439,37
9440,48
9441,67
9442,65
9443,9
9444,84
9445,74
9446,80
9447,14
9448,23
9449,72
9450,52
9451,85
9452,63
9453,83
9454,81
9455,15
9456,22
9457,7
9458,9
9459,31
9460,22
9461,54
9462,47
9463,17
9464,64
9465,40
9466,13
9467,64
9468,30
9469,63
9470,81
9471,10
9472,81
9473,33
9474,48
9475,65
9476,36
9477,20
9478,51
9479,54
9480,50
9481,7
9482,82
9483,82
9484,3
9485,13
9486,38
9487,63
9488,50
9489,0
9490,65
9491,30
9492,72
9493,65
9494,65
9495,16
9496,24
9497,52
9498,64
9499,51
9500,67
