0,0
8334,0
4692,0
4470,0
8344,0
3775,0
8216,0
460,0
1,1
85,1
9212,1
4560,1
2431,1
7525,1
4617,1
8364,2
4516,1
1783,1
2,3
5509,3
8711,3
8681,3
6054,3
2981,3
4333,3
3,4
3602,4
3889,4
907,4
5721,4
6484,4
5376,4
4,5
3580,5
324,5
754,5
3396,5
1686,5
3037,5
8563,5
6151,5
8768,5
7894,5
5,44
1318,44
8898,44
7858,44
8142,44
7851,44
4164,44
1677,44
2005,44
1789,44
1333,44
1140,44
8872,7
7754,44
5610,44
25,44
171,44
2344,44
6,5
3721,5
5443,5
4604,5
3088,5
5496,5
3174,5
2567,5
7,8
5620,8
2541,8
8232,8
5532,8
4903,8
6180,8
6191,8
8495,8
4956,8
3337,8
5576,8
8944,8
91,8
8589,8
2887,8
846,8
5227,8
8669,8
4641,8
1197,8
6938,8
6321,8
8,9
627,9
7396,9
1309,9
9131,9
968,9
1410,9
2549,9
8621,9
9,10
5247,10
4394,10
8961,10
3617,10
2673,10
7527,10
6631,10
3385,10
10,11
5164,11
5022,11
5349,11
3071,11
3780,11
6012,11
7908,11
1391,11
1194,11
1744,11
7068,11
5537,11
5906,11
1830,11
517,11
3684,11
4144,11
1025,11
6538,11
11,3
5091,3
9024,3
6096,3
5154,3
4737,3
5729,3
8966,3
468,3
3437,3
1187,3
9041,3
7027,3
8449,3
8731,3
5694,3
593,3
12,12
105,12
6057,12
6988,12
3283,12
1707,12
6922,12
9205,12
7669,12
461,12
7129,12
4166,12
13,13
6088,13
14,14
4603,14
2611,14
4959,14
6607,14
5863,14
541,14
4016,14
4152,14
4974,14
520,14
4559,14
6519,14
5333,14
6110,14
7496,14
6269,14
7618,14
565,14
185,14
1575,14
2132,14
8811,14
4931,14
1050,14
7097,14
8754,14
1832,14
3574,14
8447,14
3765,14
8309,14
8796,14
15,15
4598,15
6273,15
7850,15
8891,15
8075,15
632,15
4550,15
4589,15
16,16
4494,16
2292,16
8721,16
5168,16
7233,16
8672,16
1063,16
181,16
17,17
7991,17
803,17
7551,17
2178,17
2774,17
3373,17
8783,17
4160,17
3374,17
584,17
32,17
1532,17
8320,17
4446,17
3116,17
4289,17
1676,17
2881,17
1767,17
3737,17
2477,17
7011,17
7167,17
5768,17
1272,17
1616,17
2154,17
2290,17
6952,17
4721,17
2661,17
4339,17
366,17
5495,17
498,17
270,17
3839,17
2844,17
4371,17
2672,17
6544,17
1084,17
6029,2
269,17
1614,17
6876,17
759,17
5053,17
2453,17
4670,17
5853,17
1729,17
3974,17
6547,17
2599,17
3477,17
798,17
4599,17
3209,17
8396,2
2082,17
3658,17
7877,17
3715,17
7323,17
3069,17
7784,17
1951,17
1418,17
1048,17
6832,17
1509,17
5843,17
2620,17
1886,17
3274,17
1534,17
2298,17
2271,17
5117,17
3869,17
8584,17
5763,17
440,17
1415,17
7767,17
234,17
4876,17
7109,17
3833,17
1813,17
6041,17
2150,17
4275,17
6679,17
5173,17
9175,17
3004,17
1166,17
5416,17
5475,17
4569,17
4640,17
8251,17
3076,17
1558,17
414,17
5873,17
2778,17
7710,17
4234,17
4593,17
6315,17
401,17
7160,17
982,17
623,17
6186,17
5162,17
8362,17
5006,17
8774,17
3294,17
7373,17
2157,17
8817,17
614,17
2728,17
7253,17
8926,17
8981,17
6245,17
5541,17
722,17
407,17
6181,16
4588,17
7170,2
8050,17
9030,17
8582,17
1905,17
9082,17
3538,17
6874,17
7557,17
4314,17
8962,2
3189,17
4707,2
7130,17
1036,17
5242,2
8038,17
7537,17
258,17
6021,17
7632,17
3363,17
5160,17
7065,17
6501,17
1183,17
8301,17
5866,17
7376,17
6749,17
1070,17
5816,17
1699,17
5725,17
7350,17
4761,2
6943,17
4429,17
8876,17
121,17
8923,17
9185,17
8375,17
4078,17
7926,17
5604,17
3098,17
2306,17
2070,17
7963,17
3453,17
1728,17
5078,17
4340,17
1913,17
6647,2
5479,17
7342,17
6897,17
9219,2
7790,2
267,17
1030,17
6866,17
3123,17
1241,17
6328,17
5971,17
2473,17
1909,17
5946,17
8397,17
3097,2
6131,17
3750,17
8191,17
8695,17
3282,17
5546,2
7995,17
814,17
6616,17
1236,17
7243,2
2779,17
6908,17
3318,17
4982,17
731,17
2405,17
2910,17
1014,17
5096,17
8022,17
18,18
1641,18
1127,18
7338,18
129,18
9021,18
7474,18
6081,18
804,18
8560,18
19,9
8385,9
6139,9
8404,9
7911,9
8845,9
5264,9
1364,9
2552,9
5957,9
1949,9
20,7
5087,7
9063,7
1013,7
612,7
2387,7
6706,7
120,7
158,7
4170,7
8004,7
8924,7
4824,7
3772,7
6059,7
4439,7
7136,7
21,19
3006,19
1756,19
1136,19
4116,19
5972,19
8235,19
2929,19
5727,19
3232,19
6398,19
6119,19
1193,19
805,19
2733,19
4839,19
3223,19
7406,19
824,19
3021,19
4812,19
1229,19
1011,19
1465,19
5684,19
3495,19
2183,19
4220,19
5256,19
2635,19
22,20
7630,20
8348,20
7701,20
8384,20
8300,20
8186,20
23,21
2062,21
4878,21
2756,21
4726,21
3087,21
3805,21
2031,21
6514,21
1531,21
7695,21
4440,21
6182,21
3864,21
7568,21
1135,21
24,22
377,22
2827,22
1265,22
2664,22
5757,22
2124,22
3315,22
4991,22
3657,22
2838,22
4951,22
3083,22
3042,22
4899,22
719,22
26,23
1365,23
3652,23
1033,23
8133,23
6117,23
5266,23
8619,23
4252,23
27,12
488,12
1185,12
3053,12
7422,12
1809,12
6981,12
920,12
1133,12
1747,12
4762,12
1167,12
2085,12
28,5
4086,5
8696,5
2551,5
6660,5
8078,5
5788,5
7079,5
4784,5
1268,5
4806,5
29,24
1706,24
7561,24
993,24
6640,24
4184,24
1820,24
5005,24
5244,24
7209,24
7456,24
444,24
7261,24
30,25
940,25
8152,25
3727,25
3262,25
6418,25
1661,25
5028,25
865,25
31,26
5552,26
7262,26
3553,26
7202,26
7647,26
4913,26
4417,26
6194,26
969,2
3680,17
3121,17
1519,17
3151,17
8550,17
179,17
6455,26
3030,17
7562,17
33,27
5901,27
3730,27
9214,27
6464,27
8824,27
4335,27
9001,27
34,28
8388,28
4739,28
2203,28
8372,28
5484,28
1906,28
1055,28
8972,28
8324,28
35,29
8461,29
7660,29
9232,29
3976,29
1277,29
7685,29
741,29
226,29
5797,29
1474,29
36,16
8354,16
2918,16
5215,16
2892,16
889,16
6430,16
6955,16
3047,16
303,16
1181,16
4751,16
1784,16
8965,16
6325,16
6345,16
37,0
879,0
1001,0
5569,0
4773,0
38,2
3937,2
9036,2
2333,2
962,2
4693,2
5752,2
4431,2
1436,2
4602,2
1873,2
1235,2
1827,2
4237,2
6449,2
2509,2
7280,2
4142,2
175,2
5220,2
7357,2
8016,2
7308,2
1216,2
1782,2
4978,2
8602,2
4914,2
1111,2
6802,2
4768,2
6579,2
8021,2
5831,2
2455,2
3486,2
6965,2
4428,2
681,2
8006,2
4910,2
4861,2
1116,2
3994,2
3564,2
699,2
3400,2
5662,2
4458,2
7174,2
9042,2
4758,2
976,2
3556,2
8247,2
3700,2
7466,2
5163,2
3654,2
1110,2
7946,2
3322,2
3493,2
2824,2
7892,2
7920,2
6723,2
3140,2
6392,2
8230,2
431,2
6067,2
1283,2
4623,2
1308,2
1065,2
4860,2
6636,2
3440,2
7022,2
8526,2
2863,2
529,2
3129,2
1350,2
1170,2
7742,2
6435,2
3570,2
2459,2
1496,2
8268,2
7633,2
7992,2
1894,2
4151,2
6623,2
7811,2
8491,2
7729,2
659,2
3565,2
1715,2
1931,2
930,2
3179,2
92,2
9133,2
5241,2
8968,2
7475,2
8503,2
9090,2
5089,2
510,2
5100,2
6337,2
39,23
4975,23
3551,30
316,23
40,56
6477,56
4619,56
6689,56
1446,56
125,56
41,20
5497,20
2345,20
8612,20
6670,20
3660,20
279,20
8788,20
2612,20
2544,20
42,24
4463,27
6107,24
6653,24
8117,24
8957,24
3546,24
6833,24
3165,24
9164,24
4473,24
43,32
5272,32
9179,32
4596,32
3896,32
8590,32
305,32
4033,32
7941,32
44,33
8147,33
3910,33
7217,33
4479,33
4092,33
5211,33
3972,33
5591,33
5924,33
7862,33
3682,33
2057,33
7251,33
7914,33
800,33
4437,33
328,33
2242,33
6474,33
2076,33
8172,33
5017,33
8055,33
5397,33
9081,33
3306,33
6479,33
8977,33
45,14
8971,14
3598,14
5824,14
8498,14
6648,14
2682,14
5777,14
2843,14
8739,14
8733,14
1219,14
3803,14
1042,14
2554,14
2691,14
7256,14
5468,14
5021,14
3931,14
46,15
8225,15
4590,15
3024,15
2525,15
1881,15
47,0
1687,0
4830,0
4851,0
3961,0
7247,0
7354,0
1542,0
48,8
708,8
6667,8
7532,8
8024,8
7523,8
2617,8
336,8
1555,8
6564,8
6468,8
3698,8
5674,8
5413,8
6657,8
996,8
978,8
8862,8
933,8
9142,8
7009,8
2297,8
49,19
6423,19
8629,19
858,19
4147,19
106,19
50,34
3394,34
546,34
8748,34
1901,34
1771,34
1933,34
3335,34
7037,34
4038,34
8212,34
6457,34
9162,34
3226,34
6469,34
51,35
8552,35
1250,35
6006,35
1016,35
4361,35
4249,35
2044,35
5161,35
52,36
8109,36
3576,36
4745,36
8505,36
9123,36
6619,36
1757,36
8881,36
1464,36
7052,36
6516,36
1811,36
5938,36
2719,36
2099,36
3504,36
7080,36
8492,36
1126,36
2015,36
53,37
5544,37
6152,37
7326,37
2759,37
334,37
54,38
6718,38
2928,38
7611,38
8541,38
5046,38
7408,38
9053,38
4055,38
6638,38
6190,38
3621,38
987,38
8607,38
6840,38
4355,38
55,39
8567,39
9120,39
5869,39
2542,39
745,39
1222,39
5008,39
1471,39
56,16
4403,16
6926,16
8875,16
138,16
3298,16
4795,16
3763,16
1199,16
3950,16
7053,16
3856,16
3815,16
1841,16
8418,16
2195,16
880,16
101,16
5943,16
535,16
3519,16
1861,16
2847,16
4350,16
4790,16
8901,16
5896,16
6950,16
1406,16
1669,16
8522,16
949,16
2989,16
3026,16
592,16
5726,16
8843,16
1405,16
6014,16
6178,16
8750,16
8982,16
2677,16
1837,16
7996,16
4141,16
1724,16
5892,16
2763,16
5606,16
6691,16
5767,16
3143,16
196,16
4103,16
7184,16
6488,16
1338,16
4543,16
698,16
6310,16
2077,16
208,16
742,16
57,40
4798,40
3807,40
3591,40
3255,40
6642,40
239,40
915,40
122,40
8542,40
2412,40
8356,40
133,40
1535,40
58,5
2007,5
5561,5
7081,5
1192,5
6294,5
5673,5
2722,5
6284,5
3288,5
1560,5
8606,5
5194,5
59,41
8171,41
6299,41
3897,41
7837,41
3009,41
5919,41
5177,41
6005,41
1313,41
8189,41
7219,41
5749,41
8804,41
1818,41
7954,41
3208,41
5033,41
60,42
5639,42
4716,42
4908,42
2940,42
1992,42
4398,42
1759,42
3022,42
8630,42
399,42
2893,42
61,43
5654,43
4803,43
1314,43
5989,43
5084,43
8573,43
2683,43
6045,43
62,12
5680,12
954,12
7021,12
7656,12
5451,12
4375,12
5667,12
4875,12
2206,12
3516,12
3025,12
9194,12
63,44
7838,44
8010,44
7041,44
2859,44
5865,44
5990,44
4451,44
5559,44
2304,44
7822,44
3907,44
1355,44
64,36
2397,36
5108,36
3346,36
150,36
2543,36
4686,36
65,30
3014,30
6976,30
6886,30
3668,30
4528,30
3991,30
7937,30
4997,30
7246,30
2245,30
1517,30
1125,30
8723,30
6737,30
2115,30
5916,30
3426,30
2467,30
8524,30
4090,30
235,30
5987,30
7609,30
5374,30
1361,30
2812,30
7545,30
4189,30
1037,30
3036,30
8757,30
66,12
8719,12
5202,12
8249,12
67,14
8744,14
1431,14
4977,14
6042,14
7272,14
728,14
2134,14
1657,14
4503,14
3946,14
1054,14
702,14
4385,14
68,45
2776,45
4143,45
597,45
8907,45
6753,45
1938,45
6575,45
2083,45
1750,45
9190,45
1579,45
6786,45
3639,45
78,45
7125,45
3714,45
2603,45
4472,45
5048,45
6800,45
3876,45
8935,45
900,45
9208,45
8581,45
4299,45
7571,45
212,45
3679,45
916,45
5067,45
6576,45
236,45
7447,45
7948,45
8645,45
2011,45
7148,45
3286,45
8096,45
7966,45
7723,45
4290,45
480,45
8390,45
5109,45
4007,45
1113,45
3573,45
8536,45
8809,45
5260,45
7142,45
8631,45
832,45
5802,45
69,46
2935,46
312,46
7829,46
3603,46
4274,46
6762,46
8255,46
2302,46
70,47
1980,47
779,47
4764,47
6577,47
6821,47
4654,47
6838,47
4665,47
6681,47
71,42
152,42
8520,42
4498,42
4568,42
4709,42
72,44
5010,44
944,44
3243,44
6409,44
6483,44
3159,44
5516,44
1863,44
73,38
4879,38
7863,38
9103,38
8263,38
5176,38
1402,38
74,48
4717,48
5379,48
1592,48
3488,48
2170,48
6671,48
82,48
7397,48
887,48
2747,48
553,48
1384,48
75,49
7823,49
7974,49
8489,49
9217,49
1336,49
1398,49
5707,49
4971,49
7347,49
4594,49
603,49
4066,49
8760,49
6705,49
4625,49
9223,49
4287,49
76,4
8205,4
7024,4
7982,4
5175,4
739,4
5112,4
3351,4
6307,4
3137,4
1697,4
2685,4
4645,4
1121,4
5954,4
1188,4
5120,4
2422,4
1825,4
8570,4
1305,4
77,56
4719,56
5839,56
1867,56
519,56
79,46
3998,46
8257,46
2634,46
2417,46
8197,46
2500,46
4571,46
154,46
6990,46
1325,46
3771,46
5200,46
4050,46
7478,46
9084,46
2090,46
4246,46
80,51
5525,51
2088,51
298,51
2498,51
360,51
4637,51
3092,51
81,27
204,27
7662,27
5498,27
2639,27
4146,27
83,34
3245,34
6605,34
1261,34
4728,34
3769,34
4827,34
7071,34
2058,34
7370,34
7950,34
6769,34
8272,34
84,47
4319,47
8656,47
4442,47
2746,47
1586,47
7502,47
8797,47
86,32
3039,32
2425,32
4900,32
8279,32
5423,32
3586,32
87,20
812,20
8484,20
3786,20
5825,20
5363,20
578,20
620,20
88,12
522,12
8180,12
967,12
9111,12
3634,12
4685,12
4381,12
9163,12
2460,12
2113,12
1097,12
8079,12
6682,12
7547,12
3584,12
8807,12
570,12
7936,12
5284,12
3278,12
8851,12
5595,12
5085,12
3132,12
1303,12
2069,12
7544,12
3366,12
6334,12
89,46
7304,46
6536,46
2513,46
2432,46
2313,46
2937,46
5289,46
3681,46
464,46
8271,46
90,52
1221,52
6376,52
5847,52
216,52
1334,52
8913,52
7018,52
93,30
1497,30
2126,30
1337,30
5319,30
4073,30
7450,30
5178,30
7000,30
1428,30
5712,30
8705,30
7718,30
94,25
439,25
8128,25
5056,25
3751,25
5782,25
9141,25
3419,25
5630,25
2311,25
926,25
4155,25
6937,25
5012,25
752,25
6837,25
2813,25
7426,25
95,49
5246,49
4785,49
9066,49
96,18
5637,18
6084,18
276,18
4121,18
4657,18
3606,18
8360,18
4460,18
9204,18
2199,18
340,18
4766,18
7750,18
4212,18
6849,18
97,25
3913,25
4511,25
7269,25
9189,25
4958,25
665,25
3851,25
3515,25
6347,25
8444,25
98,53
5004,53
5513,53
7289,53
1106,53
2249,53
6305,53
7608,53
2366,53
6492,53
2695,53
6959,53
99,54
8159,54
2000,54
4045,54
5370,54
453,54
9125,54
8893,54
5893,54
5328,54
4051,54
5149,54
6302,54
5251,54
6237,54
6818,54
100,17
3792,17
4295,17
2676,17
7909,17
8601,17
102,55
5517,55
955,55
2810,55
6208,55
103,22
2967,22
5249,22
8468,22
6038,22
4950,22
839,22
6206,22
816,22
5741,22
7158,22
813,22
544,22
2259,22
104,37
5402,37
8517,37
5152,37
3148,37
6040,37
6797,37
8594,37
3429,37
4613,37
5845,37
4075,37
3012,37
3530,37
8208,37
1520,37
4859,37
9098,37
3817,37
1344,37
8168,37
8317,37
8051,37
1633,37
2944,37
2385,37
7808,37
2309,37
1613,37
6015,37
107,42
3120,42
650,42
1672,42
4209,42
3438,42
2146,42
8433,42
108,56
5269,56
5052,56
7624,56
7312,56
7188,56
5699,56
5421,56
1267,56
1114,56
8101,56
8009,56
8556,56
2875,56
7222,56
109,15
8568,15
6984,15
5705,15
1979,15
3725,15
5165,15
8092,15
3981,15
110,30
2976,30
1297,30
1439,30
2773,30
1576,30
6324,30
5567,30
7073,30
2794,30
2063,30
6034,30
8604,30
5895,30
111,57
5942,57
1869,57
3510,57
134,57
3144,57
1573,57
3558,57
112,7
4293,7
9167,7
3597,7
3583,7
6650,7
8998,7
1507,7
2988,7
8780,7
6928,7
7292,7
4074,7
5353,7
8638,7
5232,7
364,7
2487,7
5834,7
3985,7
1807,7
8640,7
4422,7
8595,7
656,7
3273,7
2548,7
6252,7
5323,7
2006,7
5828,7
113,38
5309,38
9033,38
261,38
8351,38
6413,38
9009,38
538,38
114,44
5386,44
3908,44
6600,44
5548,44
7781,44
115,58
1264,58
963,58
6257,58
6154,58
4703,58
2880,58
4240,58
2052,58
6924,58
2706,58
8532,58
1801,58
6434,58
4889,58
5910,58
116,53
5748,53
4251,53
9068,53
117,5
4697,5
5890,5
3555,5
8576,5
4338,5
5365,5
3065,5
3512,5
1357,5
197,5
8288,5
4015,5
7491,5
6292,5
2737,5
4448,5
5626,5
891,5
766,5
452,5
5629,5
1857,5
2898,5
8060,5
118,24
7705,24
6895,24
8110,24
9047,24
6991,24
5731,24
7510,24
2760,24
119,16
6610,16
7045,16
2933,16
3796,16
6113,16
1646,16
2624,16
2657,16
6259,16
2464,16
7763,16
8816,16
6491,16
1629,16
4217,16
513,17
2369,17
870,17
3205,17
8535,17
6927,17
8775,17
2066,17
6777,17
4168,17
5978,17
7962,17
475,17
609,17
5290,17
6727,17
8882,17
5524,17
8380,17
4270,17
7921,17
3230,17
123,24
7507,24
300,24
2723,24
2767,24
931,24
7110,24
1189,24
124,38
7271,38
5502,38
6149,38
6946,38
4083,38
8758,38
1607,38
1343,38
4336,38
7169,38
5894,56
2252,56
4881,56
5135,56
8888,56
1568,56
126,47
3836,47
4483,47
2995,47
7260,47
8314,30
874,47
8302,47
3789,47
2413,47
1455,47
6893,47
763,47
127,47
8978,47
7761,47
3572,47
4934,47
5407,47
5205,47
4485,47
304,47
9065,47
5508,47
128,47
7638,47
577,47
3181,47
4694,47
6548,47
130,13
5973,13
6914,13
4884,13
5941,13
5800,13
2925,13
2414,13
8036,13
8341,13
5398,13
3718,13
280,13
1844,13
4705,13
8839,13
131,56
2585,56
6637,56
1044,56
132,26
8886,26
5664,26
4872,26
1834,26
7214,26
4885,26
5499,26
1452,26
2448,26
4865,26
3122,26
8949,26
1510,26
8625,26
2873,26
2027,26
8653,26
1015,26
1791,26
193,26
5329,26
1260,26
3474,26
2911,26
4332,26
7715,26
6738,26
1924,26
135,56
7372,56
3185,56
8850,56
3248,56
6888,56
476,56
8202,56
136,59
2623,59
3966,59
142,59
8909,59
4786,59
901,59
1797,59
8770,59
5529,59
8289,59
2713,59
2801,59
765,59
1320,59
137,11
855,11
5312,11
1392,11
2996,11
139,5
3649,5
3469,5
140,60
9136,60
2579,60
8700,60
4486,60
3035,60
4538,60
2496,60
141,44
2324,44
6176,44
5900,44
6881,44
5478,44
2584,44
392,44
677,44
8432,44
1580,44
143,4
1936,4
2110,4
5602,4
7566,4
9156,4
4193,4
4983,4
6661,4
7078,4
5321,4
8105,4
4104,4
1259,4
8846,4
9055,4
3802,51
4915,4
9109,4
3767,4
5653,4
8322,4
3484,4
7178,4
6716,4
144,32
2845,32
7855,32
959,32
4970,32
7206,32
7840,32
6900,32
8326,32
4266,32
5976,32
1304,32
8238,32
145,51
5773,51
4564,51
5922,51
451,51
2508,51
3674,51
146,5
6842,5
4832,5
5841,5
6211,5
147,22
6864,22
7515,22
4107,22
4109,22
6356,22
583,22
9230,22
4247,22
7462,22
1529,22
7680,22
5277,22
4278,22
148,22
4846,22
1969,22
1328,22
1602,22
8118,22
6504,22
7923,22
4119,22
5918,22
6473,22
8574,22
4057,22
149,39
3893,39
2556,39
8119,39
7151,39
151,21
5948,21
7733,21
2771,21
1763,21
8157,21
2734,21
1589,21
7939,21
5889,42
8673,42
250,42
8781,42
4204,42
454,42
5409,42
748,42
153,21
2540,21
1956,21
1068,21
9146,21
1414,21
5526,46
8899,46
5832,46
5953,46
7003,46
2866,46
777,46
5044,46
6147,46
155,25
5963,25
7015,25
7648,25
5288,25
1453,25
5119,25
3384,25
8948,25
5157,25
156,14
8294,14
8386,14
6317,14
831,14
7012,14
8318,14
7248,14
1660,14
3996,14
8148,14
157,15
6472,15
6566,15
6626,15
8959,15
5702,15
4874,15
5071,15
159,63
5013,63
8585,63
611,63
6495,63
4672,63
7679,63
4054,63
6335,63
160,37
7717,37
1500,37
8969,37
6003,37
6308,37
161,3
1053,3
4621,3
4399,3
4432,3
8299,3
668,3
2982,3
3592,3
6243,3
1459,3
162,36
8626,36
4392,36
3055,36
2420,36
6485,36
1987,36
5533,36
3041,36
7036,36
163,33
1996,33
5190,33
164,28
4459,28
6397,28
7704,28
4376,28
5442,28
4646,28
667,28
3537,28
692,28
7716,28
4551,28
2896,28
7893,28
165,21
8884,21
4658,21
3521,21
176,21
2236,21
2456,21
7303,21
8273,21
8005,21
7830,21
2573,21
2169,21
8513,21
166,57
5140,57
8387,57
6668,57
8709,57
7458,57
2097,57
4002,57
6784,57
6185,57
5846,57
231,57
5891,57
5811,57
167,53
1292,53
6396,53
2312,53
168,64
2476,64
6104,64
1408,64
6410,64
6601,64
6711,64
5297,64
3924,64
8814,64
7738,64
191,64
477,64
169,37
1158,37
1419,37
2703,37
6382,37
170,3
4629,3
272,3
3141,3
7134,3
8931,44
8746,44
7530,44
172,65
7817,65
4886,65
5037,65
7300,65
7092,65
338,65
7489,65
5690,65
173,16
7553,16
5265,16
1087,16
6557,16
6450,16
8162,16
8798,16
2321,16
3193,16
6028,16
8837,16
6850,16
3877,16
8312,16
1860,16
8047,16
174,66
797,66
2141,66
3109,66
3846,66
5493,66
5088,66
7849,66
3628,66
894,66
8306,66
952,66
3266,66
177,30
5527,30
8686,30
5859,30
6658,30
2273,30
2365,30
7309,30
7812,30
4674,30
2675,30
6300,30
4513,30
8960,30
8084,30
1210,30
5145,30
2966,30
1027,30
4671,30
6790,30
2329,30
7886,30
178,54
6420,54
3168,54
8052,54
5945,54
661,54
332,54
7722,54
4302,54
7664,54
2879,54
8752,54
3368,54
180,47
7616,47
2628,47
3590,47
8803,47
1032,47
683,68
1368,47
182,47
7348,47
2068,47
4254,47
4261,47
8297,47
6545,47
6810,47
4256,47
8827,47
183,47
5221,47
1280,47
6493,47
6804,47
3647,47
8305,47
2222,47
8012,47
1755,47
5638,47
2522,69
184,56
7668,56
7056,56
2403,56
5511,56
4409,56
9226,56
1638,56
1345,56
4738,56
186,70
8784,70
3835,70
2181,70
4253,70
7294,70
6589,70
6011,70
4780,70
4993,70
187,14
2710,14
979,14
6277,14
2577,14
3436,14
3427,14
2648,14
3253,14
188,24
992,24
761,24
4850,24
9145,24
4601,24
8350,24
418,24
189,71
342,71
7282,71
2860,71
2714,71
4668,71
4408,71
8628,71
588,71
8002,71
9172,71
7538,71
7369,71
503,71
9043,71
7968,71
5560,71
190,72
9000,72
5504,72
2621,72
3220,72
1380,72
2437,72
7186,72
9008,72
7123,72
8527,72
1790,72
938,72
3928,64
192,21
1552,21
1107,21
9170,21
5614,21
3408,21
402,21
2571,21
194,39
9182,39
4128,39
2160,39
5015,39
4273,39
4930,39
4010,39
8343,39
6677,39
8486,39
9086,39
6717,39
3020,39
3357,39
195,49
6008,49
3365,49
3425,49
7548,49
5984,49
1543,49
6953,49
9202,49
2743,49
8849,49
333,49
4742,49
4787,49
4627,49
198,70
1584,70
2745,70
6932,70
1119,70
5754,70
199,73
3506,73
8151,73
1546,73
9014,73
1713,73
8175,73
200,47
9215,47
1322,47
3865,47
898,47
827,47
201,14
8540,27
3969,27
8450,27
7644,27
4676,27
2469,27
4423,27
8933,27
6819,27
7688,27
8043,27
4988,14
2748,14
1604,14
950,14
5907,14
4357,14
1020,14
2210,14
2101,14
1944,14
8916,14
2109,14
4554,14
9227,14
7833,14
3747,14
843,14
1511,14
7114,14
624,14
2800,14
856,14
1708,14
1263,14
254,14
3000,14
2538,14
1218,14
3134,14
6339,14
8137,14
202,48
8366,48
678,48
9017,48
4303,48
2118,48
1448,48
7035,48
203,24
1437,24
7856,24
2864,24
8282,24
7960,24
8342,24
5657,24
6899,24
8427,27
7087,27
205,74
5054,74
8465,74
1207,74
727,74
8081,74
428,74
9083,74
7505,74
420,74
4482,74
322,74
206,10
5574,10
2521,10
4770,10
8459,10
9031,10
207,35
995,35
5392,35
918,35
5304,35
5861,35
1761,35
6732,35
1078,35
7155,35
4037,35
5651,35
2383,35
5201,35
3178,35
8683,35
7841,35
1378,35
1990,35
5884,35
5833,35
3663,35
1945,35
5427,35
662,35
2903,35
2788,30
209,0
494,0
6581,0
2486,0
7320,0
6629,0
210,27
8691,27
6100,27
5050,27
7089,27
4087,27
2536,27
1208,27
1171,27
5728,27
7328,27
6765,27
1108,27
6023,27
211,27
2889,27
6869,27
5080,27
463,27
3238,27
4730,27
7965,27
213,8
5530,8
214,75
6592,75
2539,75
2684,75
5254,75
1482,75
8381,75
4069,75
2984,75
313,75
685,75
3333,75
1796,75
6087,75
6002,75
7191,75
8915,75
8583,75
5905,75
3936,75
2246,75
8102,75
6379,75
9152,75
4312,75
4150,75
3638,75
3325,75
1925,75
7698,75
1823,75
4053,75
9077,75
3201,75
215,9
7897,9
758,9
4098,42
2640,9
3210,9
601,9
8188,9
1168,9
4331,52
2439,52
217,34
5156,34
8525,34
1041,34
1251,76
988,34
5542,34
218,66
2755,66
3350,66
908,66
6494,66
5732,66
532,66
1385,66
3423,66
8903,66
3153,66
1601,66
8482,66
219,23
5572,23
6635,23
8413,23
8000,23
8694,23
3199,23
7569,23
2374,23
220,16
6133,16
3539,16
7682,16
221,77
6475,77
6750,77
6001,77
4499,77
5836,77
8455,77
1726,77
7606,77
222,57
5849,57
7590,57
7737,57
5039,57
3920,57
4868,57
936,57
3197,57
4877,57
7476,57
5660,57
2034,57
5139,57
223,78
2234,78
4366,78
8130,78
3257,78
4296,78
6285,78
3873,78
6478,78
1081,78
2530,78
409,78
4864,78
4225,78
224,17
6520,3
4873,3
2238,17
6748,17
225,79
4395,79
1092,79
939,79
3595,79
7416,79
3206,79
7121,29
3107,29
227,25
6140,25
6311,25
9061,25
2416,25
3646,25
228,46
7425,46
7439,46
2865,46
3170,46
6533,46
8211,46
6348,46
4468,46
2915,46
229,7
2515,7
2606,7
964,7
8835,7
3702,7
5764,7
1594,7
1896,7
8308,7
5245,7
1775,7
3173,7
7581,7
8997,7
2555,7
6091,7
4581,7
4100,7
7340,7
3067,7
8089,7
9220,7
8008,7
3442,7
8431,7
682,7
5387,7
5625,7
2583,7
7198,7
838,7
4279,7
4199,7
986,7
230,9
922,9
1588,9
6097,9
7229,9
335,9
3265,9
733,9
3491,9
6848,9
8333,9
1738,9
1005,9
1605,9
232,54
6429,54
2008,54
2171,54
3152,54
1124,54
3513,54
7625,54
5482,54
2705,54
6852,54
4801,54
7404,54
2795,54
1000,54
2799,54
8438,54
4953,54
8355,54
4490,54
757,54
2787,54
438,54
6785,54
8067,54
2294,54
233,38
4414,38
684,38
1226,38
390,38
1052,38
9023,38
1144,38
819,38
3549,38
2155,38
3406,38
1139,38
8479,38
1632,38
310,38
527,38
405,38
8357,38
9174,38
3826,38
4527,38
3999,38
3507,38
8076,38
7776,12
8466,12
2353,12
1137,12
5438,12
8082,12
6079,12
237,7
339,7
3261,7
4118,7
8295,7
8636,7
2999,7
3782,7
5179,7
238,47
5235,47
3854,47
7402,47
6614,47
3882,47
1506,47
5184,47
3432,47
5658,47
617,47
4856,47
3470,47
4284,47
6880,47
4793,51
1704,47
2924,47
2990,47
499,47
2023,47
3356,47
1817,47
8883,47
240,18
1998,18
2481,18
2189,18
1466,18
1972,18
8993,18
5400,18
7231,18
4848,18
8864,18
4172,18
241,43
5011,43
7344,43
8269,43
775,9
7835,43
4008,43
242,54
2885,54
2470,54
1593,54
9187,54
8674,54
7794,54
7383,54
5276,54
2028,54
1475,54
6365,54
243,37
379,37
3186,37
4597,37
244,34
3224,34
4633,34
6212,34
6342,34
3589,34
4847,34
9079,34
4941,34
582,34
245,70
2854,70
8440,70
8107,70
2534,70
8049,70
4937,70
6286,70
881,70
1128,70
246,47
619,47
902,47
6033,47
2902,47
6617,47
257,76
2009,47
5695,47
4182,47
273,47
5769,47
7149,47
8611,47
8190,47
4096,47
3633,47
6160,47
2602,47
7806,47
247,56
7816,56
2822,56
8046,56
3084,56
8437,56
1045,56
248,36
4980,36
9025,36
4245,36
5716,36
3395,36
249,80
8661,80
7620,80
4708,80
3073,80
7278,80
6130,80
7235,80
2030,80
251,27
6983,27
4497,27
9151,27
7906,27
8616,27
1999,27
4995,27
847,27
7336,27
5742,27
8818,27
2532,27
252,37
2289,37
4080,37
7769,37
8457,37
5223,37
4359,37
6546,37
3667,37
5395,37
7493,37
7135,37
4222,37
5457,37
253,25
4236,36
5183,36
4804,36
3498,36
255,81
7302,81
3979,81
1513,81
4294,81
3983,81
256,36
6058,36
4820,36
1874,36
8007,36
2697,36
7875,36
1731,36
5633,36
8003,36
8793,36
3761,36
2781,36
9207,76
4618,76
7712,76
1049,76
2820,76
648,76
6731,76
5186,76
4574,76
5665,76
3560,76
1023,76
1306,76
1129,76
636,76
7845,76
3838,82
1719,82
5584,82
7389,82
306,82
5491,82
6332,82
1182,82
8610,82
259,49
3293,49
1711,49
1383,49
571,49
260,69
711,69
3645,69
5406,69
4445,69
3227,69
7641,69
7692,69
4909,69
7900,69
5342,69
5661,69
5959,69
4161,69
6329,69
3117,69
5150,69
2032,69
3149,69
5898,69
2839,69
1203,69
669,69
4718,69
1528,69
3482,69
6729,69
8254,69
3627,69
3207,69
4264,69
6428,38
2202,38
6333,38
262,42
3745,42
4710,42
7775,42
897,42
2180,42
1537,42
8121,42
3276,42
1028,42
8287,42
263,78
2716,78
7230,78
2433,78
5600,78
5510,78
1963,78
2315,78
362,78
1146,78
264,16
7088,16
5641,16
8472,16
5337,16
265,21
1800,21
8423,21
266,25
5594,25
7197,25
2647,25
4981,25
7621,25
7091,25
6534,25
5500,25
3517,25
7800,25
5556,25
9029,25
268,64
1228,64
3364,64
2654,64
6279,64
3626,64
8504,64
6803,64
5772,64
6958,64
3766,64
1642,64
1916,64
9224,64
9150,64
1150,64
942,64
4555,16
7258,16
8382,16
4675,16
796,16
5020,16
6204,16
8618,16
3860,16
2954,16
3344,16
5844,16
271,16
4818,16
8728,16
3732,16
6304,16
4871,16
6209,16
721,16
1387,16
7482,16
3369,16
8332,16
1249,16
6268,16
1653,16
7864,16
3832,16
3202,16
4600,16
2457,16
2472,16
5123,16
8123,16
7189,16
5612,16
6498,16
9216,16
8885,17
8088,3
7329,3
4526,3
8762,3
4810,3
7899,3
5609,3
4955,3
3433,3
6591,3
7152,3
2987,3
4587,3
4262,3
8938,47
9154,47
5812,47
4215,47
2490,47
1975,47
1157,47
274,25
9013,25
7259,25
2831,25
275,64
5456,64
8063,14
8406,64
6978,3
1346,64
277,24
890,24
6570,24
1026,24
767,24
5116,24
5649,24
8248,24
7050,24
5554,24
773,24
3648,24
278,21
9028,21
2299,21
4211,21
3845,21
4072,21
3980,21
281,21
784,21
3094,21
6125,21
282,51
1927,51
703,51
5588,51
6458,51
7944,51
1675,51
1416,51
3785,51
283,15
5206,15
8984,15
5216,15
7938,15
852,15
2983,15
284,29
1442,29
5030,29
3304,29
6122,29
2803,29
7646,29
292,29
587,29
7951,29
2360,29
3975,29
285,8
4842,8
474,8
387,8
7403,8
5102,8
3923,8
646,8
3017,8
7459,8
286,83
6789,83
4935,83
3963,83
7064,83
1597,83
5829,83
2200,83
9181,83
408,83
811,83
621,83
5094,83
3360,83
8057,83
287,34
6834,34
6773,34
7058,34
6696,34
288,36
2039,36
2857,36
3324,36
651,36
3632,36
704,36
626,36
7223,36
1651,36
8710,36
7652,36
6792,36
5018,36
5925,36
2140,36
8871,36
289,64
2785,64
6327,64
1875,64
2393,64
3543,64
6442,64
1850,64
8688,64
8403,64
5656,64
7221,64
8126,64
2465,64
290,7
3971,7
422,7
3138,7
8925,7
1628,7
1369,7
3650,7
8523,7
3411,7
8596,7
5648,7
2834,7
291,52
1802,52
4476,52
1003,52
5390,52
3348,52
2681,52
4500,52
6144,52
6105,52
6744,52
5939,52
8246,52
6370,52
1851,52
4681,52
6683,52
1974,52
547,52
466,52
293,44
6585,44
3585,44
3740,44
1117,44
294,64
3977,64
4306,64
1870,64
6118,64
2632,64
6783,64
5783,64
295,0
472,0
2694,0
2649,0
2700,0
2761,0
4024,0
8367,0
1169,0
9004,0
6452,0
8199,0
5848,0
296,21
3359,21
8298,21
4493,21
8737,21
3526,21
8896,21
7871,21
3993,21
9149,21
5724,21
3058,21
297,64
3386,64
299,19
3837,19
8725,19
5578,19
2081,19
5932,19
5278,19
3736,19
6499,24
726,24
301,11
3643,11
8904,11
2626,11
4337,11
4733,11
6615,11
7319,11
7972,11
2025,11
302,42
7363,42
6702,42
4687,42
6674,42
1132,42
5590,42
2492,42
2666,42
4354,42
3922,42
2581,42
2033,42
5676,17
307,64
9003,64
8685,64
6695,64
6573,64
7933,64
6524,64
9027,64
8408,64
308,29
2882,29
7550,29
2851,29
5142,29
5685,29
485,29
7969,29
3289,29
5153,29
9159,29
2038,29
8808,29
6085,29
309,47
4799,47
8706,47
1615,47
5155,47
3557,47
4021,47
6741,38
1603,38
1038,38
2435,38
1505,38
2660,38
1327,38
8132,38
311,9
1705,9
7642,9
8832,9
7747,9
314,64
7005,64
4809,64
1286,64
3520,64
1840,64
4816,64
6586,64
2466,64
5955,64
7007,64
315,78
917,78
6461,78
355,78
4583,78
6995,78
3722,78
1814,78
3756,78
8918,78
1274,78
2270,78
2332,78
4741,78
3808,78
3778,78
5303,78
7672,78
3689,23
7573,23
4406,23
6296,23
9210,23
5111,23
5650,23
7514,23
8897,23
7831,23
6752,23
317,34
3783,34
7697,34
6132,34
3697,34
997,34
4912,34
8712,34
318,44
1915,44
7295,44
3119,44
1109,44
8698,44
1142,44
2829,44
6217,44
8654,44
5069,44
7461,44
4607,44
319,84
5490,84
8633,84
569,84
7970,84
7433,84
1205,84
8416,84
6562,84
5267,84
1293,84
3728,84
5762,84
4922,84
320,32
5026,32
4353,32
5315,32
2074,32
4651,32
7622,32
1570,32
6303,32
459,32
1746,32
321,3
7778,3
7108,3
732,3
331,3
1787,3
591,3
4615,3
354,3
2942,3
323,36
686,36
8266,36
3309,36
762,36
4905,36
654,36
5801,36
4255,36
2348,36
4052,36
325,80
7902,80
4427,80
2254,80
3250,80
326,25
5545,25
7821,25
1155,25
1147,25
3414,25
1285,25
4029,25
2679,25
5585,25
1533,25
5582,25
327,47
2580,47
7029,47
1184,47
965,47
4478,47
1919,47
9096,47
2964,47
4258,47
329,21
6687,21
2127,21
1618,21
426,21
8035,21
1388,21
330,42
2615,42
8734,42
1105,42
2586,42
7579,42
3943,42
1173,42
3392,42
1098,42
6506,42
8954,3
2164,3
2772,3
8569,3
6093,3
6808,3
840,3
1461,3
1939,3
2807,3
9100,9
872,9
3005,9
3734,9
5403,9
6019,9
5062,9
6177,76
337,23
8751,23
5336,23
2644,23
8823,23
4504,23
1590,65
6791,65
6387,65
4781,65
1623,65
2598,18
2514,18
341,15
5515,15
7324,15
8833,15
507,15
343,43
7469,43
5523,43
6944,43
4115,43
2616,43
3415,43
3947,43
6669,43
7760,43
502,43
5113,43
3528,43
344,30
7861,30
6055,30
8914,30
3462,30
1793,30
7867,30
5389,30
1892,30
345,69
3502,69
6044,69
6246,69
2288,69
4734,69
6046,69
346,64
6114,64
3130,64
3190,64
7853,64
645,64
5734,64
8087,64
8622,64
7244,64
4288,64
6467,64
2060,64
2593,64
8713,64
8072,64
8153,64
4505,64
2709,64
347,83
6901,83
706,83
8730,83
6270,83
641,83
6875,83
2963,83
5580,83
9089,83
5394,83
1564,83
7032,83
1501,83
7683,83
6383,83
4664,83
7922,83
6242,83
6102,83
3211,83
3917,83
3049,83
8708,83
7104,83
8771,83
851,83
5813,83
3988,83
2791,83
2698,83
6871,83
1714,83
6301,83
7245,83
2419,83
3456,83
6954,83
4174,83
348,57
808,57
7480,57
4175,57
2741,57
2458,57
5549,57
6628,57
2010,57
746,57
1976,57
6267,57
3825,57
5258,57
5999,57
425,57
8572,57
6743,57
5598,57
3934,57
2131,57
349,38
2137,38
482,38
1745,38
8546,38
5471,38
3217,38
7895,38
7484,38
1725,38
1670,38
7805,38
7943,38
7177,38
6611,38
350,46
6445,46
8392,46
4682,46
2587,46
2622,46
351,21
4228,21
5904,21
2594,21
5446,21
2201,21
2248,21
574,21
3900,21
2502,21
7724,21
352,32
1598,32
9121,32
1856,32
2968,32
353,33
3019,33
3354,33
6554,33
3439,33
7640,33
6265,33
1682,33
2610,33
5286,33
4153,33
356,21
7703,21
357,85
4989,85
6213,85
6248,85
4496,85
9018,85
2842,85
3801,85
358,17
893,17
3358,17
6822,17
709,17
8945,17
2758,17
2179,17
359,11
9088,11
7549,11
6426,11
361,47
6918,47
6567,47
4108,47
4201,47
869,47
1351,47
7120,47
1004,47
3081,47
363,4
2359,4
8028,4
8986,4
3544,4
6997,4
4181,4
2232,4
5864,4
6385,4
2012,4
9140,4
365,21
8068,21
4942,21
7508,21
3078,21
6233,21
4048,21
5035,21
1141,21
6770,21
953,21
4165,21
2018,21
3118,21
7356,21
8853,21
1812,21
6633,21
5867,21
7382,21
3106,21
367,3
2411,3
7203,3
6275,3
3508,3
7241,3
1684,3
7102,3
3285,3
1262,3
7675,3
6693,3
9094,3
3548,3
2430,3
5188,3
1071,3
8244,3
4747,3
871,3
6858,3
5647,3
3945,3
5437,3
8521,3
3393,3
1948,3
5418,3
2678,3
1481,3
7534,3
7696,3
9221,3
8720,3
368,76
4666,76
712,76
882,76
5293,76
5000,76
369,5
8842,5
1751,5
370,33
1454,33
524,33
2352,33
2279,33
6465,33
371,85
3198,85
6143,85
5886,85
8507,85
7427,85
8206,85
2471,85
8494,85
3454,85
1159,85
9037,85
7180,85
2811,85
2806,85
6056,85
1299,85
6760,85
1479,85
372,86
8828,86
1556,86
6708,86
8987,86
1928,86
373,53
3613,53
2724,53
3843,53
4572,53
2361,53
8684,53
4715,53
3596,53
5066,53
2904,53
2941,53
8755,53
3383,53
5570,53
3834,53
4218,53
2247,53
374,35
8020,35
5613,35
6480,35
3932,35
375,9
7240,9
8377,9
3312,9
561,9
6714,9
4140,9
7448,9
4292,9
8258,9
8666,9
4243,9
6894,9
6412,9
8228,9
1220,9
8592,9
3847,9
2736,9
376,4
5711,4
4006,22
1764,22
6207,22
2850,22
2073,22
3735,22
6126,22
7713,22
378,85
3637,37
380,14
1624,14
8869,14
3704,14
4159,14
8615,14
8122,14
3559,14
2394,14
6077,14
4858,14
1891,14
381,21
7421,21
769,21
946,21
5682,21
4508,21
9139,21
8373,21
6934,21
4631,21
5248,21
7595,21
382,51
8991,51
6127,51
3611,51
7436,51
2566,51
5081,51
383,87
1154,87
4438,87
7147,87
384,23
6244,23
5324,23
4122,23
8627,23
2547,23
853,23
802,23
756,23
4238,23
385,19
5753,19
1324,19
4453,19
671,19
3720,19
386,54
6584,54
7410,54
8329,54
4326,54
388,15
411,15
2986,15
443,15
2589,15
3673,15
9016,15
1478,15
4481,15
2296,15
5622,15
7075,15
6158,15
7095,15
389,49
4797,49
5472,49
8946,49
6823,49
5693,49
8717,49
6697,49
1982,49
3064,49
7907,49
1412,49
2370,49
391,10
8861,10
670,10
1888,10
4363,10
782,44
4434,44
7096,44
8822,44
5501,44
5951,44
8732,44
1083,44
8097,44
393,5
6377,5
7113,5
394,24
2912,24
395,88
8510,88
1029,88
1295,88
3101,88
1247,88
4324,88
8158,88
8196,88
1047,88
3345,88
2501,88
1659,88
8791,88
7435,88
396,89
2144,89
3705,89
7798,89
4769,89
8467,89
7038,89
6099,89
2775,89
7887,89
2574,89
8371,89
6266,89
2452,89
760,89
8859,89
6851,89
5354,89
2951,89
1227,89
8863,89
1224,89
7751,89
4323,89
1866,89
5860,89
6845,89
6826,89
1955,89
606,89
6482,89
2220,89
2224,89
1872,89
397,70
5114,70
2285,70
6447,70
5688,70
4778,70
3818,70
2991,70
3158,70
398,30
6175,30
5740,30
7077,30
5422,30
5814,30
4945,30
8409,30
4156,30
1489,30
4529,30
400,48
6972,48
2451,48
9044,48
2221,48
6913,48
2380,48
3942,48
2308,48
5106,48
6128,48
403,76
5974,76
5562,51
7913,76
4014,76
4817,76
404,15
7127,15
8399,15
8445,15
2401,15
406,13
7386,13
3571,13
7187,13
3842,13
9132,13
2440,13
1563,13
7016,13
1644,78
410,27
2166,27
8857,27
4547,27
457,27
859,27
8311,27
1460,27
8943,27
8488,27
602,27
1961,27
8879,15
7988,15
3563,15
8430,15
6496,15
4649,15
7199,15
3619,15
6451,15
412,58
7543,58
3052,58
3888,58
5115,58
6767,58
8671,58
8868,58
8992,58
2783,58
7399,58
8970,58
5396,58
3353,58
3150,58
7409,58
8537,58
8237,58
6666,58
7726,58
4757,58
3188,58
413,8
849,8
8805,8
6399,8
5055,8
1792,8
4844,8
8033,8
7865,8
5618,8
4242,8
2614,8
5715,90
7670,90
8593,90
6964,90
415,51
3371,51
6942,51
1622,51
5981,51
1673,51
3879,51
7451,51
5239,51
5927,51
8310,51
8588,51
7337,51
2216,51
8379,51
4855,51
5477,51
2921,51
714,51
416,84
2782,84
868,84
4987,84
4475,84
5975,84
417,0
3798,0
2346,0
6432,0
7183,0
6066,0
3982,0
7213,0
3762,0
4425,0
3320,0
3418,0
3228,0
419,91
6632,91
7277,91
5486,91
9080,91
1695,91
6355,91
421,64
9222,64
3567,64
5181,64
8801,64
1311,64
7636,22
423,47
5551,47
3339,47
8236,47
3554,47
5652,47
6541,47
2120,47
4577,47
4397,47
6251,47
600,47
2484,47
3850,47
7600,47
2482,76
4400,76
2557,76
630,76
2665,76
2116,76
5009,76
424,69
518,69
6157,69
7832,69
8558,69
5340,69
2846,69
5970,69
9046,69
6170,69
2493,69
1553,69
8030,69
3768,69
427,42
4990,42
4947,42
1156,42
7094,42
7437,42
6052,42
9039,42
647,42
429,84
2642,84
8470,84
4061,84
8270,84
1674,84
2445,84
6675,84
8549,84
8641,84
6103,84
7973,84
3497,84
4731,84
5327,84
9144,84
9045,84
5292,84
3604,84
3404,84
8217,84
4271,84
3434,84
7555,84
5489,84
7023,84
430,42
4413,42
4650,42
1342,42
1994,42
432,76
6873,76
7627,76
6583,76
6878,76
4643,76
433,14
7470,14
2409,14
1503,14
8401,14
5433,14
8547,14
1230,14
8015,14
434,92
4580,92
4244,92
8831,92
3784,92
5252,92
435,0
8134,0
7316,0
655,0
6919,0
8245,0
1433,0
7779,0
3112,0
436,93
7367,93
4197,93
7721,93
4748,93
7395,93
2688,93
7193,93
3870,93
4929,93
1736,93
4776,93
2406,93
1449,93
2868,93
8756,93
6966,93
1112,93
2754,93
8778,93
6320,93
1329,93
3857,93
4085,93
6763,93
5061,93
521,93
437,92
8223,92
8131,92
3008,92
1061,94
2974,94
3268,94
6569,94
8763,94
441,46
568,46
3307,46
7987,46
442,84
1148,84
8650,84
3311,84
8663,84
3075,84
3044,84
1883,84
8624,24
6220,24
7086,24
4866,24
3367,24
2505,24
2262,24
7843,24
3940,24
445,42
531,42
6281,42
4313,42
7226,42
448,42
4819,42
6017,42
3641,42
446,3
5911,3
6298,3
3269,3
1386,3
2596,3
3001,3
8462,3
1609,3
447,13
2997,13
1577,13
5381,13
4301,13
5706,13
449,30
1352,30
5132,30
6287,30
7163,30
675,30
6962,30
3575,30
7643,30
6359,30
5019,30
825,30
4177,30
6336,30
3449,30
3018,30
3518,30
3169,30
8233,30
450,54
7176,54
1988,54
6272,54
1852,54
6108,54
6027,54
4632,54
5887,54
6476,54
5982,54
4986,54
3672,54
7498,54
5755,54
6903,54
455,54
984,54
4849,54
7457,54
2373,54
7866,54
989,54
5759,54
4656,54
3743,54
7026,54
1934,54
8693,54
4426,54
7801,54
3388,54
7511,54
7879,54
5214,54
456,47
3930,47
458,25
3281,25
8256,25
5926,25
6779,25
2503,25
3901,25
3161,32
4200,4
465,32
4341,32
7392,32
5229,32
8667,32
462,23
3292,23
913,23
1095,23
7915,23
3221,23
1897,23
6809,46
6971,46
5553,46
2559,46
467,46
7034,46
835,46
4612,46
2861,46
2197,46
530,46
6531,46
6363,46
6351,46
8417,46
2769,46
6627,3
7993,3
3593,3
1654,3
469,95
5611,95
7932,95
8976,95
6440,95
9075,95
6857,95
484,95
2499,95
8265,95
8745,95
2379,95
5371,95
470,49
3375,49
471,30
6540,30
1836,30
691,30
2436,30
7986,30
8316,30
6724,30
473,47
3806,47
6561,47
2619,47
3480,47
5617,47
6768,47
7554,47
4570,47
3271,47
478,73
862,73
2191,73
7658,73
6115,73
4891,73
3244,73
5136,73
6053,73
7359,73
8735,73
3545,73
8599,73
479,36
7162,36
6169,36
5700,36
6135,36
8098,36
481,65
8867,65
1766,65
8044,65
5646,65
2263,65
1255,65
483,54
7755,54
7814,54
4539,54
3933,54
4636,54
8929,95
980,95
3788,95
7520,95
7686,95
6884,95
3410,95
6460,95
5079,95
8291,95
4622,95
1051,95
5703,95
7575,95
7961,95
1122,29
1409,29
8502,29
3939,29
6401,29
3952,29
3060,29
3239,29
956,29
5185,29
2985,29
2808,29
2671,29
486,2
2338,2
2198,2
6205,2
4491,2
6197,2
2108,2
9074,2
6083,2
487,28
2980,28
6580,28
6831,28
2962,28
6159,28
2381,28
8407,28
5917,28
6704,28
3535,28
6512,28
511,28
1574,28
7818,28
5671,28
1407,28
2905,28
489,68
817,68
4869,68
7220,68
8116,68
7434,68
7955,68
7488,68
5503,68
2356,68
9197,68
8229,68
8284,68
1521,68
2613,68
7559,68
3675,68
490,15
4523,15
5268,15
8575,15
3949,15
3455,15
4063,15
491,38
9073,38
6341,38
492,48
1069,27
5101,48
5966,48
7497,48
3002,48
1441,48
4775,48
4610,48
493,34
2251,34
8124,34
495,58
7629,58
8285,58
8164,58
5823,58
6593,58
4380,58
8648,58
8955,58
1009,58
9168,58
4917,58
6280,58
7732,58
2564,58
1835,58
837,58
496,46
3503,46
9186,46
1737,46
2378,46
7524,46
3915,46
8623,46
6597,46
7299,46
4000,46
497,30
2922,30
2364,30
8222,30
7786,30
8500,30
4563,30
2444,30
4186,30
2633,30
1612,30
689,30
6098,30
3862,30
500,60
7345,60
4464,60
7100,60
2926,60
973,60
616,60
6200,60
1176,60
618,60
4393,60
8224,60
501,24
2204,24
3399,24
5068,24
8873,24
1898,24
1291,24
720,24
5709,24
8139,24
3103,24
2978,24
8221,24
2449,24
5070,24
1099,24
8508,24
7296,43
7952,43
5460,43
2833,43
951,43
981,43
504,70
8704,70
7212,70
2757,70
6075,70
6764,70
4383,70
6340,70
7859,70
3390,70
9117,70
505,43
4484,43
1617,43
6721,43
2609,43
1656,43
6598,43
6909,43
5187,43
2855,43
506,9
717,9
4466,9
7531,9
4027,9
2111,9
2341,9
508,83
6707,83
1550,83
6910,83
2130,83
509,5
6634,5
5512,5
7341,5
8551,5
3791,5
3247,5
3445,5
512,83
2529,83
7917,83
8065,83
2537,83
903,83
2802,83
514,80
515,69
1640,69
6537,69
549,69
8026,69
2712,69
4901,69
3031,69
1831,69
1849,69
5040,69
3182,69
6868,69
2281,69
516,81
6400,81
6072,81
4043,81
3277,56
5222,56
1599,14
1200,14
8192,14
523,92
7516,92
3773,92
4744,92
2998,92
5962,92
1795,92
567,92
1056,92
5207,92
2106,92
4185,92
525,48
7651,48
2176,48
5317,48
5632,48
1785,48
1275,48
8790,48
6241,48
5238,48
3068,48
4967,48
3091,48
6734,48
3620,48
8138,48
8660,48
7847,48
6624,48
1463,48
4112,48
6136,48
5042,48
7655,48
2692,48
526,57
3992,57
2646,57
7343,57
1468,57
7039,57
3614,57
642,57
5522,57
7441,57
7607,57
1243,57
1143,57
6828,57
1217,57
528,40
4907,40
2040,40
6664,40
2410,42
533,75
6780,75
534,38
1965,38
3787,38
6406,38
631,38
1889,38
6747,38
3479,38
536,27
7708,27
8091,27
1524,27
1196,27
551,27
3420,27
537,2
8860,2
9198,2
3104,2
5236,2
6646,2
539,18
2163,18
6352,18
8658,18
5743,18
1611,18
540,25
7055,25
7860,25
1762,25
3989,25
7570,25
7411,25
8452,25
7060,25
7010,25
1877,25
8365,25
9095,25
8149,25
5936,25
2443,25
8368,25
2607,25
2269,25
2809,25
7430,25
7131,25
3115,25
5857,25
6221,25
7049,25
6571,25
8395,25
542,22
7325,22
6295,22
8866,22
3231,22
7030,22
2764,22
8894,22
1089,22
543,4
4232,4
9072,51
5002,4
7464,4
2867,4
8598,4
3413,4
8609,22
6688,22
7735,22
7881,22
2562,22
3615,22
580,22
7945,22
545,51
2553,51
7428,51
695,51
3916,51
4268,51
5850,51
1281,51
8160,51
4924,51
6184,51
4689,51
3460,51
4374,51
3499,51
8880,51
1058,51
5003,51
3605,51
4669,51
4317,51
8056,51
7901,51
3671,51
6862,51
7588,51
7195,51
8125,51
548,83
7006,83
806,83
3465,83
8825,83
562,83
2507,83
7019,83
7431,83
550,34
1086,34
552,42
4954,42
7635,42
8442,42
554,69
6405,69
2715,69
7388,69
3984,69
5326,69
5934,69
4579,69
6489,69
3926,69
4606,69
998,69
7418,69
5596,69
8262,69
3800,69
1488,69
5505,69
5519,69
8352,69
2908,69
6384,69
1743,69
9058,69
1960,69
1824,69
6572,69
555,42
4347,42
556,30
1662,30
3187,30
3135,30
2572,30
6183,30
557,14
7780,14
6715,14
7239,14
6168,14
6235,14
558,58
5253,58
7599,58
7956,58
8865,58
3678,58
6228,58
7981,58
5912,58
559,37
5995,37
5746,37
8782,37
560,44
6414,44
2318,44
8394,44
7165,44
5538,44
2067,44
2955,44
8476,44
1231,44
2371,44
8315,9
563,10
2377,10
564,76
3707,76
3459,76
7414,76
790,76
6049,76
2089,76
6373,76
1163,76
2895,76
7161,76
7279,76
566,56
1499,56
4407,56
4097,56
5352,56
3804,56
3338,56
4421,56
7477,84
7539,84
572,36
6386,36
1440,36
6720,36
2188,36
5929,36
1864,36
1035,36
7227,36
2972,36
8292,36
8912,36
3581,36
5375,36
1074,36
7949,36
6375,36
8722,36
7774,36
2740,36
1085,36
4771,36
573,1
8346,1
1522,1
8095,1
7375,1
1525,1
6263,21
575,38
6805,38
5547,38
7090,38
7826,38
4838,38
1606,38
1358,38
8203,38
1456,38
576,51
4811,51
7460,51
2943,51
2327,51
4465,51
7517,51
8414,51
1680,51
579,60
3956,60
2003,60
1317,60
2576,60
789,60
4365,60
3542,60
2213,60
5439,60
4114,60
5074,60
581,46
7989,46
957,46
4565,46
5426,46
7468,46
4349,46
7560,46
6602,46
4230,46
8963,46
3038,46
8239,46
9135,46
585,27
1359,27
3795,27
4221,27
896,27
3629,27
4647,27
5263,27
2428,27
4088,27
7552,27
3903,27
9032,27
1420,27
5733,27
6941,27
7596,27
8485,27
1885,27
6437,27
8370,27
6166,27
6510,27
6323,27
4630,27
8741,27
5076,27
3108,27
3089,27
5240,27
5539,27
4852,27
7727,27
6517,27
5854,27
7249,27
1940,27
5888,27
4011,27
1101,27
848,27
2020,27
8838,27
586,35
7224,35
2075,35
4058,35
2408,35
5751,35
6148,35
1443,35
6998,35
6608,35
589,84
2852,84
1151,84
590,28
4040,28
594,3
6367,3
3695,3
1585,3
595,37
8580,37
596,27
2930,27
1821,27
6403,27
5739,27
6422,27
598,95
2323,95
1134,95
2957,95
1536,95
5412,95
4031,95
2194,95
599,32
4364,32
6817,32
1636,32
4592,32
639,32
2048,32
3861,32
3102,32
5568,32
2133,32
6872,32
5520,32
1917,32
6726,32
8727,32
1952,47
5122,47
1663,47
7103,49
604,14
1774,14
6859,14
7194,14
9062,14
2223,14
3045,14
5820,14
6439,14
3308,14
652,14
7358,14
9012,14
4356,14
2814,14
7889,14
5634,14
3552,14
8761,14
7115,14
5902,14
605,70
5550,70
3397,70
7004,70
607,58
2511,58
2670,58
3405,58
4546,58
5507,58
4441,58
5573,58
8146,58
2442,58
608,96
2078,96
4653,96
6772,96
7210,96
7898,96
9051,96
8066,96
5760,96
927,96
7391,96
2235,96
1788,96
8678,96
2237,96
610,75
2950,75
4269,75
1685,75
2045,75
4536,75
1843,75
5065,75
613,10
4041,10
2474,10
6223,10
3599,10
2355,10
1373,10
6898,10
9112,10
615,39
7558,39
3451,39
2588,8
3402,39
6996,39
7070,39
4188,39
6036,39
2278,47
7934,47
5452,47
6466,47
4502,47
8983,47
6419,47
1983,47
5361,47
6929,47
7013,47
8064,83
8806,83
1971,83
5447,83
3821,83
622,55
3043,55
1195,55
1379,55
8062,55
1178,55
7762,55
6911,55
7734,55
5445,55
7819,55
1549,55
2835,55
8936,55
7020,55
8018,55
1118,55
4219,55
3072,55
1435,74
781,27
4573,27
3176,27
6673,27
5043,14
7332,14
625,38
4196,38
7518,38
991,38
4035,38
3466,38
723,38
5104,9
3447,9
2650,9
628,14
1090,14
1290,14
1254,14
3692,14
629,52
2659,52
3501,52
3867,52
3086,52
6502,52
7098,38
633,83
3085,83
4767,83
6989,83
8922,83
8428,83
1010,83
6735,83
634,95
3742,95
1213,95
3929,95
1626,95
1539,95
7684,95
3496,95
2993,95
8670,95
6973,95
6082,95
7351,95
635,83
6454,83
5997,83
2187,83
7283,83
3494,83
2211,83
5470,83
697,83
5781,83
7182,83
5287,83
5947,83
7719,83
8934,83
5838,83
924,83
1884,83
5344,83
3061,76
637,27
1258,27
2240,27
7099,27
5766,27
6968,27
8090,27
2268,27
9229,27
8555,27
3685,27
7756,27
4137,27
6699,27
638,22
8571,22
640,39
3701,39
3726,39
8702,39
1494,39
3329,39
6892,39
8714,39
2016,39
2994,39
5169,39
6639,39
7580,39
4813,39
5677,39
7106,39
4084,39
8204,39
1341,39
1959,39
1046,39
6807,39
2438,39
6980,83
2331,83
643,23
2949,23
4652,23
906,23
3625,23
6556,23
3157,23
7654,23
6138,23
2342,23
6891,23
5230,23
3863,23
1554,23
7582,23
2112,23
644,30
5383,30
5815,8
4533,8
3527,8
1694,8
8597,8
2225,8
5819,8
5808,8
6109,8
5219,8
5603,8
649,19
5274,19
1723,19
1667,19
5818,19
5935,42
1282,42
6391,42
653,46
2326,46
8995,46
2872,46
6453,46
6288,36
2789,36
5024,36
657,58
8810,58
5237,58
1608,58
7025,58
8108,58
4544,58
658,18
3683,18
6552,18
6621,18
4049,18
7107,18
1847,18
6709,18
9093,18
8260,18
2398,18
4932,18
660,65
2205,65
2946,65
2953,65
7124,65
6799,65
3389,35
4800,35
6364,35
9069,35
6417,35
663,47
5540,47
3241,47
6904,47
2752,47
3203,47
7678,47
6239,47
4444,47
3468,47
664,81
8023,81
1954,81
4545,81
3630,81
7604,25
7352,25
1914,25
836,25
5041,25
6330,25
5448,25
6778,25
5047,25
7602,25
1530,25
4139,25
1989,25
3636,25
1381,25
1929,25
8335,25
2277,25
666,40
4723,40
899,40
1279,40
1237,40
3644,40
2064,40
6402,40
2407,10
8185,10
7286,10
9173,19
8071,19
672,24
6313,24
8328,24
5730,24
673,11
2135,11
3464,11
7310,11
1819,11
5291,11
6948,11
3816,11
7156,11
6371,11
6074,11
4248,11
2821,11
2314,11
1240,11
5558,11
1918,11
8990,11
2780,11
2874,11
2446,11
8559,11
6078,11
4310,11
674,79
8201,79
1862,79
8103,79
3162,79
8889,79
2362,79
6249,79
4382,79
676,36
8496,36
2094,36
3105,36
8059,36
8277,36
3820,36
3254,36
4696,36
3811,36
2272,36
6539,36
3944,36
3310,36
4149,36
3831,36
7824,36
7711,36
8530,36
743,36
5986,36
679,69
2939,69
4307,69
5294,69
2287,69
6424,69
9026,69
6172,69
680,48
4283,48
6507,48
7916,48
1492,48
3533,48
7753,48
8613,48
7145,48
4042,48
2043,7
7298,7
2958,7
1668,7
791,7
3343,7
7506,7
3651,7
2934,7
5466,7
7765,68
2597,68
5827,68
7254,68
5347,68
1312,68
3334,68
5720,68
7335,68
892,68
2328,36
4831,36
5778,36
687,46
713,46
1180,46
2128,46
4794,46
8093,46
3056,46
904,46
5998,46
3046,46
688,24
1462,24
3093,24
2591,24
6306,24
7042,24
690,79
2565,30
693,46
5225,46
1786,46
729,46
694,39
2592,39
3550,39
2046,39
1647,39
7807,51
5880,51
5167,51
1102,51
3066,51
696,48
8501,48
7467,48
1777,48
7700,48
700,97
3287,97
2349,97
2161,97
4173,97
5883,97
1202,97
8692,97
6354,97
701,83
4754,83
4514,83
2276,83
834,83
4025,83
5564,83
4330,83
5455,83
2059,83
9054,83
705,0
9060,0
3770,0
4609,0
8787,0
6985,0
9124,0
8577,0
4277,0
707,51
6982,51
4521,51
7236,51
6917,51
5798,51
7637,51
3898,51
8048,51
710,74
2244,74
2765,74
2689,74
7912,74
3670,74
9015,74
4690,74
1031,74
8481,74
7883,74
2261,74
8975,74
5281,74
4447,74
2826,74
7313,74
3476,74
4469,74
4925,74
6372,74
1238,74
2730,74
4191,74
8426,74
1326,74
5879,74
4358,74
3291,76
740,76
3609,76
6319,76
7360,76
6314,76
715,64
3662,64
716,98
3381,98
1926,98
2731,98
8605,98
718,14
3234,14
5128,14
7487,14
5988,14
3790,14
724,75
3323,75
4065,75
2351,75
8325,75
725,37
7935,37
7793,37
6986,37
7598,37
2894,37
3156,37
4699,37
7592,37
1458,37
6236,37
4969,37
3379,37
7928,37
6543,37
5107,46
5049,46
6318,46
6219,46
945,46
730,5
7942,5
3618,5
734,9
1153,9
4691,9
6164,9
9148,9
2961,9
5835,9
7796,9
6408,9
735,36
1191,36
3616,36
5950,36
1022,36
736,8
2384,8
8646,8
5775,8
2651,8
2330,8
7869,8
1854,8
2667,8
7420,8
4506,8
7661,8
737,81
7200,81
738,57
7385,57
1572,57
888,57
2936,57
5543,57
2519,57
7699,57
1566,57
3887,57
7443,57
6856,57
744,34
6526,34
7971,34
1477,34
2897,34
1627,34
7154,34
1698,34
3409,34
7667,34
5881,34
1696,34
4679,34
6680,34
7288,34
6935,34
7846,34
6794,34
9019,39
747,16
6416,16
5355,16
4131,16
4263,16
7666,16
985,16
8930,16
1739,16
749,11
6923,11
1434,11
3608,11
7204,11
1781,11
8785,11
5144,11
6890,11
1493,11
750,7
2475,7
2226,7
2051,7
5993,7
4796,7
2608,7
7964,7
8649,7
751,3
8764,3
6835,3
7285,3
5057,3
3382,3
3890,3
1066,25
1257,25
3051,25
753,70
6865,70
5964,70
1665,70
4187,70
8200,70
4774,70
4624,70
2696,70
4927,70
755,34
4138,34
3317,34
8209,34
4857,34
1215,34
8753,34
3588,34
3859,34
764,24
3204,24
7868,24
3610,24
2209,24
7584,24
4700,24
3441,24
2035,24
2890,24
1319,24
9199,24
2558,24
768,3
8664,3
9122,3
4904,3
2158,3
2636,3
7379,3
5335,3
3297,21
3327,21
6189,21
795,21
1920,21
2877,21
5855,21
8234,21
5295,21
770,45
3010,45
2316,45
6782,45
3757,45
8083,45
5793,45
5737,45
771,16
4507,16
6146,16
6787,16
5058,16
5992,16
2426,16
5419,16
5358,16
772,47
5534,47
6500,47
4940,47
8792,47
2762,47
5204,47
4973,47
6112,47
1681,47
1421,47
2840,47
774,27
6232,27
5301,27
7449,27
8620,27
4943,27
6595,27
5095,27
4985,27
7745,27
3133,27
776,14
2358,14
1518,14
4389,14
3719,14
5198,14
7690,14
778,19
3758,19
3911,19
914,19
1690,19
8512,19
1691,19
5016,19
8458,19
3259,19
6456,19
780,3
1619,3
9192,3
7311,3
783,64
8304,64
6255,64
9035,64
4420,64
7157,64
6120,64
8892,64
7597,64
2107,64
3600,64
6361,64
5738,64
4241,64
1868,64
6338,64
9209,64
785,25
7419,25
6192,25
786,57
5483,57
5195,57
787,82
4595,82
8847,82
6441,82
4779,82
6949,82
4701,82
788,0
1678,0
5967,0
3914,0
1060,0
792,27
9119,27
5579,27
4022,27
6064,27
7521,27
7702,27
932,27
4105,27
1209,27
8045,27
4611,27
793,93
7047,93
2129,93
8261,93
3147,93
7315,93
4134,93
794,34
7014,34
5774,34
3954,34
9211,34
799,42
7446,42
7093,42
6276,42
6816,42
7997,42
2742,42
4706,42
1473,42
801,4
1174,4
8856,4
2655,4
5615,4
8644,4
7720,4
5429,4
2017,4
6069,4
5098,4
2652,4
1347,18
7190,18
7432,18
8183,18
2125,18
2396,18
3748,18
4642,19
2658,19
807,99
3885,99
7400,99
6829,99
4501,99
7587,99
3214,99
7994,99
1523,57
1093,57
919,57
9048,57
809,53
6665,53
9102,53
8115,53
9040,53
810,57
4378,57
928,57
6568,57
815,32
4628,32
2744,32
2938,22
2214,22
3321,22
6344,22
2669,22
818,59
5192,59
7980,59
820,54
8561,54
5485,54
1233,54
2561,54
1583,54
7743,54
6010,54
1160,54
8766,54
5213,54
821,64
4047,64
1239,64
4136,64
7440,64
4531,64
2975,64
2258,64
822,54
2162,54
3128,54
7842,54
5143,54
1438,54
823,9
2092,9
4410,9
1091,9
5871,9
7346,9
8855,9
826,0
1985,0
5318,0
4424,0
6961,47
3531,9
5283,9
2149,47
5822,47
828,11
7526,11
3236,11
1374,11
5765,11
4192,11
7852,11
3987,11
3819,11
4840,11
829,12
1096,12
4167,12
5842,12
4725,12
7799,12
3028,12
3990,12
971,12
2518,12
2849,12
3263,12
4976,12
830,32
5586,32
2165,32
4125,32
6145,32
8836,32
6663,32
3163,32
4435,32
6071,32
4919,32
8220,32
4893,32
833,3
5597,3
5359,3
5587,3
8591,3
2184,3
3319,3
8487,3
2322,3
841,71
3568,71
4171,71
2853,71
842,85
3192,85
1450,85
3779,85
844,85
6230,85
2674,85
1480,85
1360,85
5338,85
8353,85
6870,85
3724,85
2056,85
1395,85
4749,85
1467,85
8506,85
845,22
6039,22
2917,22
3814,22
1935,22
6051,22
850,3
8736,3
2927,3
6853,3
8878,3
4325,3
854,0
7083,0
1088,0
3313,0
7143,0
4968,0
2193,0
3113,0
2136,0
857,81
8453,19
8156,19
4750,27
5367,27
5393,27
5979,27
2686,27
860,64
4203,64
4566,64
7495,64
2856,64
861,10
2527,10
5410,10
6553,10
8451,10
8330,10
9134,10
1165,10
5464,10
7061,10
3299,10
863,3
2429,3
8338,3
4688,3
5566,3
7139,3
2096,3
864,100
8749,100
3858,100
5563,100
5616,100
2523,100
5944,100
866,54
867,9
6644,9
7758,9
2668,9
1703,9
4099,9
2167,9
2350,9
3868,9
7483,9
7792,9
4635,9
8490,9
2884,9
5506,9
4616,9
8053,9
1645,9
1551,9
3216,9
3114,84
6262,84
2257,84
4964,84
885,84
972,84
4018,84
6070,47
5097,47
7275,47
873,27
3167,27
7870,27
8829,27
7307,27
4714,27
3640,27
2485,27
4207,27
9158,27
875,9
2303,9
7631,9
876,49
4129,49
9147,49
4064,49
7873,49
1806,49
6590,49
8715,49
4782,49
877,36
4005,36
2479,36
7062,36
3483,36
7797,36
878,64
8471,76
5007,76
2832,76
1848,76
3194,76
5577,76
883,37
3840,37
7076,37
1991,37
8499,37
5631,37
7975,37
2625,37
5270,37
884,83
5351,83
6793,83
6229,83
7959,83
886,51
3536,51
3739,51
6309,51
5036,51
2427,51
8800,51
4286,51
4575,66
895,53
5459,53
8460,53
3251,53
4926,53
9050,53
8042,53
5454,53
1561,53
5125,53
3183,40
905,47
4456,47
8464,47
5218,47
7132,47
6883,47
2343,47
3435,66
909,91
6153,91
4345,91
8852,91
6746,91
6094,91
5593,91
7287,91
8689,91
910,36
8516,36
6739,36
911,44
3347,44
9115,44
1950,44
3139,44
5803,44
3485,44
4059,44
2102,44
912,27
3472,27
3731,27
3899,27
2174,27
1879,27
5619,27
9106,27
4854,27
6960,27
6060,27
1910,27
921,32
5134,32
2177,32
4195,32
923,58
2004,58
3569,58
5771,58
6551,58
5197,58
925,51
5391,51
1953,51
4316,51
2375,51
3213,51
5492,51
5436,51
5441,51
7067,51
2275,51
6199,51
8994,51
7225,51
6692,51
1138,51
1773,51
6162,51
4605,51
4093,51
1621,51
6121,51
7535,51
8979,51
6238,51
7270,51
5453,51
3490,51
1067,51
1376,51
4017,51
3894,51
6885,51
5601,51
1469,51
1749,51
3475,51
4070,51
6625,51
8789,51
8290,51
4132,51
8194,51
7255,51
929,53
5124,53
1424,53
6360,53
4946,53
934,38
8469,38
3661,38
2337,38
1362,38
1377,38
2528,38
935,95
6068,95
937,15
6755,15
8019,15
1780,15
4683,15
2848,15
2024,15
5862,15
941,84
4760,84
6253,84
3540,84
3829,84
5965,84
6719,84
943,51
3040,51
1104,51
983,51
4515,51
5320,51
8772,51
1301,51
2605,51
8738,51
8274,51
5758,51
4911,51
6528,51
8564,51
2145,51
7381,51
947,81
1648,81
9108,81
948,21
2804,21
3777,21
2450,21
1457,55
958,74
4660,74
1103,74
7848,74
3781,74
6137,74
5518,74
3561,74
3412,74
6165,74
4763,74
1557,74
5713,74
5723,74
960,2
6261,2
2816,2
6781,2
8920,2
2335,2
5368,2
2837,2
961,96
966,37
7242,37
4509,37
970,23
3534,23
1527,60
974,83
7364,83
1978,83
8477,83
4180,83
8941,83
6013,83
975,15
5250,15
1470,15
9020,15
977,47
994,47
4106,47
8429,95
4756,95
3050,54
990,36
4154,36
7040,36
4489,36
7820,36
7825,36
2050,36
1017,36
5745,36
3300,36
4895,24
5868,24
7976,24
1427,24
8361,24
8726,34
2512,34
3677,34
7405,34
8167,34
8039,34
7423,34
6604,34
999,21
3904,21
8283,21
2992,21
4822,21
2093,21
1002,22
4305,22
5645,22
3332,22
3295,22
8393,47
7082,47
7291,47
4759,47
7694,47
3509,47
1006,56
4404,56
3676,56
1007,64
1321,64
1008,43
8953,43
3362,43
3370,43
6992,43
7215,43
7953,43
6882,43
4457,43
6129,43
5875,43
2320,43
1483,43
2701,43
1740,43
4826,43
1012,83
7481,83
3514,83
3687,83
8424,83
5786,83
2284,35
6490,35
2535,35
3547,35
7112,35
7707,35
5166,35
1018,44
4825,44
9118,44
9064,44
5417,44
7878,44
6411,44
7771,44
8259,44
8538,44
3776,44
3828,44
1019,16
5090,16
6047,16
6701,16
8483,16
3797,16
1021,29
5903,29
6915,29
5659,29
4487,29
1371,29
4026,76
4223,76
7691,76
4704,76
6459,76
8543,76
1024,73
1447,73
7122,73
2172,73
2707,73
2818,86
1034,44
2071,44
1776,44
4013,44
8359,44
9010,44
1039,64
4265,64
1152,64
7232,64
2382,64
1040,56
1430,56
8539,56
7509,56
1043,44
3717,56
5592,56
7069,17
5635,14
2819,14
2828,14
8967,14
3691,28
5425,28
4713,28
3875,28
1635,28
8812,28
2601,28
7789,28
1206,28
7166,28
8240,28
7639,28
7578,28
4996,28
2690,28
3760,28
7237,28
6612,28
6659,28
1057,34
7804,34
4537,34
9049,34
2415,34
4712,34
4117,34
7998,34
2909,34
8890,34
9228,34
3978,34
8942,34
1059,21
6563,21
3380,21
5961,21
8140,21
7171,21
1062,21
2637,21
2798,21
6758,21
5897,21
2295,21
2307,21
5528,21
3264,21
1064,15
8135,15
4530,15
6979,27
5683,27
3755,27
3302,27
4352,27
1650,27
3919,27
3154,27
8252,27
6645,27
4488,27
7028,27
1072,64
1732,64
1484,64
6016,64
4452,64
3753,64
1073,7
3582,7
8419,7
4094,7
5985,7
8307,7
1075,30
1625,30
4678,30
7181,30
3063,30
7676,30
8586,30
3341,30
4532,30
6407,30
1779,30
6511,30
3844,30
8531,30
7924,30
1700,30
6203,30
7126,30
1076,101
4578,101
5129,101
1977,101
1544,101
3430,101
3967,101
1077,12
3328,12
1201,12
5627,12
3699,12
4257,12
2404,12
1772,12
8950,12
6620,12
1079,57
3529,57
5399,57
4315,57
3973,57
2280,57
4308,57
4133,57
3853,57
3136,57
1080,21
6226,21
1335,78
1316,78
5193,78
1984,78
8917,78
8887,78
6366,78
1082,21
5623,21
4095,21
5308,21
8420,21
5876,21
5692,36
4322,36
6728,36
2899,36
3473,36
3886,36
3690,36
5224,36
4068,36
2208,34
4736,34
7541,34
2087,22
8336,22
2931,22
1422,22
8676,79
9022,79
3986,79
8434,79
1581,79
5780,79
2029,79
7741,79
1094,59
2072,59
7501,59
3171,59
6282,59
7925,59
7051,59
6945,59
8436,59
5977,59
5430,59
4281,59
6521,59
6662,59
8707,59
5807,59
1986,59
3925,59
4823,59
5300,59
8402,59
2219,59
4755,59
5217,59
3669,59
7318,59
5474,59
5761,59
6977,59
2122,59
8716,59
5796,59
9169,59
7709,59
1100,24
4158,24
8973,24
3314,24
4198,24
3587,24
7394,24
5983,24
4789,24
8974,24
7728,24
4224,24
8587,24
5744,24
2907,24
5415,24
1349,24
4522,53
1490,56
9153,56
2526,56
5339,56
2395,56
1115,12
5314,12
2862,12
5435,12
4280,12
5311,12
8895,12
3492,12
3444,12
1842,12
3342,12
6841,12
2947,12
6555,12
8480,12
7795,12
5261,12
4455,12
5931,12
4372,12
4920,12
8529,12
5915,12
1962,12
1120,35
4272,35
7766,35
1855,35
8515,35
8647,35
3624,35
6171,35
1123,34
5687,34
1130,39
7384,39
3921,39
2578,39
2945,39
2569,39
1973,39
5718,39
1131,64
1912,64
4474,64
4120,64
2253,64
5640,64
4644,64
5830,64
1145,30
4898,30
6930,30
4368,30
5440,30
8545,30
6073,25
8150,25
1149,56
7263,56
3016,47
3225,47
6606,37
7490,37
2334,37
8579,37
3744,37
5487,37
7276,37
5322,37
9127,37
4046,37
4091,37
1753,54
1161,32
6685,32
3275,32
3878,32
5872,32
5147,32
8919,32
8286,32
3759,32
4659,32
8634,32
3951,32
8321,32
6613,32
1162,3
5257,3
5928,3
4888,3
5969,3
7876,3
5697,3
1164,14
4843,14
4890,14
3376,14
3471,14
1946,14
1172,51
1587,51
6196,51
4684,51
2190,51
5858,51
8435,51
6814,51
1547,4
2229,4
7066,4
1175,25
8815,25
8213,25
1356,25
2753,25
1177,18
8964,18
6622,18
1472,18
7387,18
7333,18
6549,18
7334,18
5105,18
1997,18
7472,18
7444,18
7589,18
1179,75
5023,75
5159,75
6086,75
8253,47
5701,47
7268,47
2656,47
8668,47
4311,12
3146,12
1816,12
2749,12
8177,12
5994,12
8765,12
6806,12
6290,12
4471,12
1186,49
1190,8
2317,8
2483,8
8989,8
7567,8
1754,8
6065,8
6560,8
1514,8
1198,38
7205,38
5589,38
6921,38
6193,38
4127,38
8905,38
4391,38
5704,38
2948,14
1204,36
1887,36
7119,36
4454,36
1211,22
1805,22
4419,22
6877,22
5408,22
5686,22
1212,102
8777,102
7904,102
8094,102
1214,51
8996,51
2568,51
1339,51
1223,4
8826,4
2735,4
2143,4
8187,4
5494,4
5209,4
2388,4
2256,4
3280,4
2139,4
7872,4
1225,15
2595,15
4495,15
5805,15
2153,15
4906,44
5146,44
1232,36
3823,36
1234,42
1315,42
3377,42
7985,42
5476,42
7257,97
6756,97
1242,64
3881,93
3316,64
4461,64
2891,64
1244,42
5636,42
1545,42
1245,8
8473,8
7815,8
4056,8
3450,8
2138,8
1276,8
1932,8
3635,8
5296,8
5432,8
8391,8
1569,8
6655,8
5341,8
7504,8
4979,8
2638,8
2267,8
8985,8
8161,8
1943,8
3011,8
1246,52
1417,52
8278,52
8600,52
2212,52
7216,52
4517,52
3883,52
1248,37
4553,37
5234,37
6854,37
3959,35
1307,35
7731,35
5608,35
5473,35
5882,35
4032,35
5075,35
7494,35
6188,35
1252,4
6007,4
4548,4
3631,4
5082,4
6896,4
3655,4
1253,13
8767,13
6448,13
4089,13
3810,13
8928,13
3303,13
5914,13
4148,13
2969,13
1716,13
5787,13
3417,13
6905,13
3607,13
4698,13
3237,13
6879,13
1256,84
5672,84
1266,12
8786,12
1702,12
8073,12
7614,12
7768,12
4524,12
4213,12
8718,5
7777,5
1269,30
5481,30
6264,30
8412,30
1429,30
1270,25
1512,25
7492,25
7463,25
4680,25
5130,25
2080,25
8331,25
2932,25
6240,25
1903,25
7663,25
2977,25
1271,86
8841,86
6594,86
4388,86
2152,86
1397,86
1273,3
5275,3
4145,3
7317,3
1712,3
7744,3
4205,3
5313,3
4845,29
1765,29
1278,54
6827,54
2105,54
6256,54
2114,54
6574,54
8820,54
8054,54
7001,54
4863,54
4821,54
7264,54
4880,54
1284,13
3431,13
8927,13
7782,13
6535,64
4433,64
1287,93
4883,93
1426,93
1288,4
4867,4
8729,4
7634,4
4729,4
2300,4
1828,4
5817,4
1289,35
6907,35
4753,35
4836,53
9005,53
1294,25
2340,25
6111,25
6690,25
1296,19
5170,19
3023,19
8100,19
3443,19
1964,19
1298,36
5878,36
5273,36
7390,36
1300,0
5330,0
2973,0
7891,0
1302,64
6530,64
3665,64
8031,64
3623,64
5420,64
1735,64
8514,64
7008,64
1310,67
3505,67
7331,67
4467,67
2883,67
6080,67
3848,67
2786,67
5790,67
2241,67
6425,67
9160,64
9116,64
3579,64
1425,64
3222,64
2575,64
1538,64
6684,64
2792,64
7486,64
6142,64
3422,44
8566,44
1742,44
4722,44
6641,44
3960,44
4961,44
7454,44
8376,44
6811,44
6843,44
5357,44
3686,24
5923,24
5851,64
5583,64
3082,64
1444,64
3813,64
6173,64
1323,44
7063,44
9070,44
1330,6
8400,6
3855,6
7984,6
7118,6
2721,6
4285,6
3100,6
2026,6
3305,6
1331,89
5343,89
4001,89
7770,89
9091,89
1486,89
6700,89
8182,89
1968,89
4162,89
2142,89
3716,89
1332,95
3062,95
6618,95
7266,95
4214,95
4540,30
8032,30
3711,30
7192,51
1340,53
7371,53
8383,53
4113,53
3467,53
5735,53
5804,53
1721,38
1908,38
3794,38
7827,38
1348,27
3218,27
1366,27
6092,27
8940,27
7773,27
7905,27
4740,27
4853,27
3212,27
7273,27
2230,27
4661,27
9002,27
5837,24
6847,53
1353,37
4443,37
6187,37
2231,37
3532,37
1354,102
4918,44
2400,44
7977,38
1363,8
1595,8
7362,8
7033,8
1658,8
7185,8
4702,8
8422,8
2399,23
1367,50
4567,50
2022,50
6771,50
2704,50
7610,50
2036,50
6987,50
5467,50
1370,32
2886,32
3191,32
1752,32
3812,32
4036,32
4558,32
9195,32
1637,32
3874,32
7714,32
1372,58
1853,58
3733,58
2347,58
4450,58
7585,58
1923,58
1541,58
3013,58
6353,58
4735,58
7105,58
4023,58
3279,58
5121,58
1375,74
6004,74
5182,74
1578,74
3594,74
7619,74
2545,74
8176,74
3664,74
1382,4
2711,4
1515,4
5799,4
3166,4
1389,6
8699,6
9011,6
5243,6
5360,6
7601,6
7802,6
1390,44
3246,44
8155,44
2830,44
6761,44
6161,44
4067,44
1393,24
6043,24
6751,24
8703,24
5199,24
1394,56
8114,56
8358,56
1717,56
2434,56
3659,56
1476,56
2732,85
1396,9
8958,86
1399,46
4695,46
7623,46
4732,46
5369,46
7919,46
1400,47
1634,47
6678,47
7116,47
8061,47
4415,47
1401,24
9085,24
7785,24
6427,24
6201,24
2418,24
6766,24
3523,24
2738,24
9128,24
7759,24
1403,61
9138,61
1822,61
5514,61
1404,83
3270,83
6527,83
3233,16
4814,64
1411,56
4772,56
8296,56
1649,56
3880,56
9007,56
7349,56
9071,56
4030,56
8988,56
1413,13
5770,13
8029,13
8198,13
3027,13
2336,13
3301,37
1741,37
1423,30
1688,30
4965,30
5348,53
8456,53
2192,53
5909,53
2641,53
8677,93
4208,30
8120,14
1432,47
4972,47
8690,47
5307,47
2215,47
5933,47
1445,2
5034,2
5913,2
5014,2
2702,73
1451,3
3290,3
3525,3
5991,3
3240,38
2233,38
2402,38
7653,38
6522,38
6095,24
4923,24
1485,64
6649,64
8293,64
6443,64
8952,89
5794,89
4534,89
7228,89
7844,89
1487,34
3458,34
8659,34
1559,34
4960,34
8017,34
6202,34
1491,7
5980,7
5628,7
4828,48
8951,48
5172,48
7365,48
2021,48
4936,48
6529,48
5384,48
2570,48
1495,44
3340,44
1498,16
2159,16
3355,16
7355,56
4561,56
7730,56
1502,3
5051,3
7574,3
6925,3
1815,3
1504,0
1562,0
7218,0
1508,47
1794,47
5148,17
2084,17
1970,17
2421,17
4039,17
7138,17
1882,17
6754,17
1516,78
7593,78
8675,78
1922,78
4711,78
7940,78
1526,26
1540,21
2906,21
9099,21
7689,21
8184,21
8034,73
1769,73
8173,73
8136,73
1895,73
8614,73
6195,73
5279,73
5282,73
7536,73
4101,4
1548,3
1610,53
6394,53
8069,53
5960,53
8127,53
4585,53
5643,53
1567,0
6250,0
4807,0
5382,0
8170,13
1565,4
5302,4
3401,4
4179,4
3391,4
6969,4
8013,4
5133,4
8099,4
7927,4
1571,12
5262,12
7757,12
6523,12
8339,12
1582,49
2217,49
3003,49
1591,12
7803,12
5345,12
7415,12
8565,12
7301,12
7931,12
2680,12
7839,12
6860,12
3284,12
7665,12
5334,54
5949,54
4009,54
1596,84
5581,84
2805,84
1664,84
6254,84
6916,84
1803,84
2727,84
8163,84
5689,84
5316,84
7885,84
2793,84
5675,84
3077,84
4480,84
1600,73
2965,73
7417,73
1858,73
3774,73
6740,73
5899,37
7999,37
2497,47
2546,47
1620,23
6350,23
2367,23
7746,23
7586,23
4626,23
7031,30
8129,30
7791,30
3256,30
1630,8
5231,8
6975,8
6289,8
2354,8
2265,8
6906,8
9129,8
1720,8
4963,8
6525,8
6497,8
7749,8
7736,8
1631,0
2002,0
1829,0
6106,0
3196,0
9034,0
4231,0
5565,0
7810,37
6155,32
8369,32
6358,32
3177,32
3912,32
1639,5
4235,5
1799,5
6293,5
5373,5
1643,28
5621,28
4079,28
1692,28
2770,28
1652,38
5366,38
5877,38
2517,38
7398,38
5642,38
9203,38
3127,38
6343,38
1826,3
2461,3
1655,7
4102,7
1758,7
4157,7
5141,7
6532,7
2590,7
1846,7
4370,7
8553,7
2286,7
5885,7
9157,7
1859,7
4367,7
6404,7
6970,7
7473,7
4028,7
1666,7
2836,7
2815,7
3729,14
7234,19
3007,19
1671,9
4126,9
2784,9
8740,9
4436,9
5027,9
2494,9
6798,9
4576,9
8281,9
9059,9
2687,47
1679,76
2971,76
6815,76
9130,76
4586,76
1748,76
4591,76
1683,44
4639,44
1734,44
6825,44
2291,44
6920,44
6774,44
3957,44
8405,44
5575,44
3511,3
8226,3
8014,3
1689,76
9161,76
8643,76
7141,76
7322,76
1693,27
6030,27
4783,27
7628,91
5821,91
1701,32
6565,9
2228,9
9200,9
4449,9
6672,9
7377,9
3799,9
5458,9
3142,9
1709,4
5826,4
5681,4
2478,4
3099,4
5624,4
4334,4
3706,4
1710,8
8070,8
5428,8
1937,8
5607,8
1718,74
7048,74
4999,74
7164,74
1722,33
7512,33
7321,33
4003,33
8227,33
1727,39
4343,39
8908,39
7072,39
9171,39
1730,32
5362,32
8193,32
3688,32
7674,32
8533,32
5431,32
1733,14
7834,14
1760,9
6745,9
2173,9
5714,9
1768,14
5434,14
8608,14
1770,3
6656,3
6374,3
6362,3
5411,3
6936,3
6258,3
1966,3
4163,3
6951,3
1778,58
6993,58
6167,58
6801,58
4004,58
8363,58
5784,46
6022,46
6757,46
7201,46
6431,46
2305,46
6974,46
8025,46
5555,46
2047,30
1798,2
2168,2
6812,2
4386,2
6463,34
8910,34
2533,34
7564,34
5791,34
7361,34
1804,64
5099,64
8544,64
8207,64
6388,49
4788,49
7057,49
9056,49
5469,49
1808,25
7657,25
1957,25
6216,25
6722,25
1810,32
4077,32
1900,32
6061,32
7528,27
1833,36
8174,36
1838,36
6134,36
5792,36
1839,89
7882,89
5103,89
6559,89
6260,89
6076,89
6889,89
4360,89
1845,8
6000,8
8635,8
4259,8
6736,8
4462,8
8104,8
4276,8
3131,8
6031,8
2979,8
6730,8
5063,8
6124,8
4291,8
5736,8
2389,8
8349,8
1865,51
2121,51
2104,51
9166,51
2151,51
4896,51
5325,51
7133,51
4870,51
1871,85
4957,85
2729,85
2653,85
2386,85
1876,73
1878,25
8830,25
8276,25
2563,25
7979,25
7207,25
7499,25
4384,25
5852,27
4123,27
3709,27
8906,27
3079,27
5747,27
7957,27
1880,37
9104,37
7393,38
3033,38
6967,38
6274,38
3738,38
3708,38
4777,38
7930,38
1890,57
2693,57
6156,57
6283,57
8374,57
1893,4
4655,4
5092,4
8980,24
4841,24
5488,24
7542,24
3906,24
8802,24
1899,47
4549,47
5158,47
2086,47
4239,47
7054,47
1902,36
5756,36
5557,36
7238,36
7739,36
9213,36
2117,36
7401,36
3463,36
1904,14
7947,14
1907,92
2768,92
7159,92
3421,92
3110,92
2037,92
2900,92
6297,92
8219,92
1911,11
6867,11
7513,11
8178,11
2156,11
7368,11
2718,11
1921,10
2119,10
3403,10
4300,10
4111,10
8086,10
1930,47
3242,47
7896,47
7327,2
8037,54
1941,38
6214,38
6863,38
2454,38
1942,39
5212,39
5696,39
1947,36
3331,21
6395,21
1958,73
6101,73
9067,73
5874,73
8327,73
7407,73
6887,73
1967,32
7809,32
4412,32
8145,32
7074,32
3336,32
7594,32
3522,32
3446,32
3095,32
5571,32
7017,83
8662,83
3478,83
2604,83
6550,83
4862,83
2627,83
3029,15
5255,15
4562,15
8179,15
5450,15
2504,15
3015,15
9137,15
1981,42
8398,42
4727,42
8410,42
5521,42
5073,42
4535,42
3566,42
4815,42
2468,42
1993,13
2175,13
7146,13
1995,2
6446,2
6587,2
3489,2
6210,27
6505,27
2447,27
5937,27
7267,27
5719,27
4510,27
2751,27
9097,27
2001,42
3195,42
3296,42
4060,42
5029,58
2013,13
2956,13
3562,13
8682,13
4418,13
5306,13
6032,13
7888,13
9191,13
8632,13
4373,13
2014,53
2019,89
3080,89
7978,89
4662,89
5710,89
2274,89
6163,89
4416,89
2560,89
7546,89
9177,89
2970,89
6380,89
8345,50
5691,24
2041,98
8799,98
8141,98
3145,98
8701,98
7339,98
5717,98
6444,98
2042,34
6839,34
8518,34
4752,34
4430,34
6438,35
2049,65
8077,65
2053,5
6947,5
8665,5
6024,5
2054,15
7903,15
5908,15
8303,15
2363,15
3741,15
8603,15
2055,83
3713,83
6775,83
8154,83
4034,83
7330,83
3160,83
2061,49
4944,49
7706,49
2488,49
7412,49
4994,49
3452,49
8956,49
2065,58
5305,58
7101,58
8639,58
3352,58
4298,58
8478,58
7725,58
2266,58
2293,58
6050,58
7828,58
7693,58
2079,12
8652,12
5378,12
3500,12
4984,12
2901,12
2717,12
3909,12
5536,12
5072,12
3235,47
3918,47
7787,47
2091,54
5644,54
7529,54
2095,54
6035,54
8854,54
4833,54
6174,9
7445,9
5655,9
2207,9
9076,9
2720,9
3272,9
8651,9
3578,9
2098,64
5210,64
2100,22
6578,22
8858,22
3955,22
5920,22
5785,22
2103,84
5930,84
5083,64
4178,64
2123,44
4297,44
8347,44
4667,44
6381,44
4379,30
7605,30
2283,30
5722,30
4401,30
8280,30
3968,30
5118,83
2147,82
8655,82
3126,82
5280,82
2239,82
2148,99
6018,99
9143,86
5064,32
2182,51
8497,51
6643,51
2480,51
3424,51
4328,51
2520,51
3601,51
6940,51
2185,36
2250,36
2186,16
8319,16
4556,16
2196,51
3057,51
5060,51
8687,51
6596,51
3694,18
3884,18
7424,18
2218,16
5299,16
3124,16
5465,16
4210,16
5077,16
4396,16
2227,64
7788,64
7485,64
4227,64
7284,64
8113,64
9078,4
4233,4
3935,82
2243,58
5668,58
8144,58
5226,58
7677,58
3172,58
7577,58
2643,58
4962,58
5093,58
6415,58
5059,58
6603,58
3754,36
5795,56
4834,56
3416,56
2310,56
6710,56
2255,53
7764,53
6357,53
5809,53
7740,53
8001,53
2260,48
5346,48
7626,48
4020,48
3184,48
6225,48
2264,7
6421,7
3457,7
7211,7
7442,7
6994,7
2282,14
7748,58
2301,32
8415,32
4342,32
6515,32
5126,32
9114,32
8844,9
8275,9
2858,46
5921,46
7752,46
2319,8
5789,8
6698,8
2325,12
3200,12
6652,12
6150,38
2339,16
9188,16
5414,75
2357,84
3809,84
2368,30
5233,30
8040,30
5940,30
4520,30
9225,30
6316,30
5208,44
8834,44
2739,44
2372,2
2510,2
8657,2
7128,2
4921,2
4584,2
4808,2
7429,2
6836,54
2376,9
7314,9
5956,9
3258,9
5228,95
8411,95
8679,95
4190,35
2390,56
8264,56
4928,56
3891,56
2391,92
4948,92
3260,92
5535,92
2392,34
8548,34
9126,34
8870,34
4802,46
3032,36
2423,3
3656,3
9052,3
7378,3
7649,3
2424,60
3927,60
7836,60
3448,60
4949,60
5377,60
7290,60
7813,56
2441,99
6271,21
6090,21
5424,21
9092,21
2462,64
4792,64
5137,64
3249,64
2463,92
7085,92
4044,92
7874,24
5463,24
3481,24
2629,24
2825,7
4019,7
2489,13
3938,13
8902,13
6509,13
5840,13
8947,13
8821,13
6346,13
3948,13
2491,14
9193,14
6742,14
3902,14
2495,54
9105,54
6234,54
7043,54
4369,54
6902,54
6508,54
2506,7
8106,7
2959,51
2766,51
2516,56
7613,56
2919,56
2790,56
2524,3
6048,3
4614,3
2531,89
5462,89
6393,89
8195,89
4492,35
7990,35
7659,35
6933,35
7880,55
2725,55
4518,55
5599,55
9231,55
6123,55
2550,21
5678,21
6470,39
7854,39
6676,39
2582,27
3048,27
4765,27
5131,27
7140,27
5679,27
8813,42
3330,42
4608,42
2952,42
6713,42
6588,42
2876,7
3824,7
2600,64
7059,64
6224,43
2618,83
2630,85
8027,85
5110,85
4110,85
4525,85
2631,34
8241,34
3487,34
2960,53
2645,51
4329,51
3746,51
6198,51
5171,51
7208,51
2663,4
6654,19
2662,19
3653,57
2699,36
2708,44
6599,44
9101,9
2726,25
6390,25
2750,8
7306,8
3111,8
8759,8
5870,8
5285,8
2777,5
5449,5
7002,5
5045,5
7084,5
8143,84
4939,84
2796,21
6389,21
5669,21
6725,21
2797,3
3723,3
3524,3
8747,3
4202,3
7929,3
3953,36
5127,36
5364,36
2817,4
3090,4
3995,4
4076,4
3125,4
5174,4
4390,4
2823,18
8557,18
2878,18
3793,18
7274,18
4512,44
2841,52
7172,52
5663,52
7612,52
5385,52
5968,52
7150,52
4081,52
7650,52
4176,46
3703,46
4327,46
7857,46
6542,46
6861,46
2869,36
8165,36
8819,36
5444,36
7884,36
2870,34
8578,34
2871,69
5380,69
8214,46
6215,21
4405,18
8776,32
2888,16
7563,16
4250,16
7576,36
7173,36
2913,64
2914,62
9206,62
5461,62
5670,62
5372,62
2916,7
6291,7
2920,16
9110,16
8474,16
3666,16
2923,39
3267,39
7250,39
6025,39
3997,39
5259,39
4309,39
6712,39
8475,46
4882,46
8743,7
3895,47
6788,13
9218,13
4348,92
8215,92
6481,92
4169,92
7603,92
6651,15
3034,37
6796,37
7144,37
5331,37
7465,37
8058,5
4837,5
7265,27
7046,27
3892,27
3054,21
8112,21
6558,51
3752,51
3059,57
3830,57
4321,57
9113,57
8243,57
4351,57
3461,57
4897,57
3070,2
4998,2
3074,8
4519,8
3827,8
4012,8
5138,8
8011,8
5310,5
6089,5
3096,3
7153,3
7967,3
4835,3
7380,3
6963,66
9196,42
4933,42
4062,5
3155,36
7175,36
8041,36
4582,36
6179,23
6020,23
6349,23
3164,3
7452,3
3175,56
8724,56
6776,56
6378,56
4557,56
4362,56
4938,56
3180,7
8773,7
3229,7
3215,9
7910,9
6462,9
4194,9
4663,9
4344,9
3219,10
3696,10
5350,10
4541,10
5401,10
8210,10
3252,51
6471,40
7890,40
6247,3
4377,3
3970,10
3326,22
3642,22
6231,22
8166,47
5196,47
3764,47
5298,47
3349,21
6513,21
6331,21
3361,5
7353,5
4402,5
8231,51
9176,51
3372,75
3378,53
8421,53
4805,53
8267,53
7374,53
7565,53
9183,53
8441,53
3941,53
4677,53
4216,53
8742,53
3387,26
7281,26
7479,26
5806,35
7168,35
3398,27
4260,27
3407,5
7671,5
5952,5
5031,5
8795,5
4304,43
7533,43
5404,56
3428,25
3849,25
6037,25
7196,3
9107,3
5189,33
3964,33
8493,33
4648,33
8378,33
3710,36
3962,36
5750,36
8074,84
7413,84
5856,84
6820,67
4902,84
8840,84
3541,3
4887,3
4387,30
9038,30
8443,30
8389,30
5810,26
8999,26
3577,34
4071,34
4411,34
8085,34
3612,51
3622,90
6518,4
6630,22
9178,79
7503,79
5996,79
7522,64
7471,64
6931,18
7556,18
6609,18
3693,22
3712,89
8877,89
5698,89
3749,0
6009,0
7617,0
4082,0
8519,0
4183,36
3905,36
6846,59
6116,59
3822,27
8528,27
6222,27
6368,27
9006,27
4743,70
3841,27
6486,27
8250,27
3872,27
3852,3
7252,3
4992,3
6844,3
5151,3
5191,47
3866,57
3871,17
4916,17
5480,60
6369,60
3965,34
5025,34
7591,34
3958,43
7572,7
4130,42
4124,64
8874,64
7453,42
8425,42
7455,42
6278,42
4135,64
8463,64
6824,64
5708,64
9155,64
8697,36
4206,40
4673,40
4226,89
7615,89
9087,89
5388,89
8554,89
4229,34
4320,34
7044,34
8534,53
5405,53
7645,53
6026,53
4267,36
8080,84
6062,84
4282,7
8562,7
8448,7
4318,42
4634,34
4346,16
6312,79
4952,52
6694,52
4477,85
8921,85
4829,85
4542,84
7293,84
4552,13
7179,46
8446,46
5531,46
8242,46
5779,46
4620,37
5271,37
4894,21
4638,72
8779,72
4720,47
4724,83
6487,83
4746,84
7958,84
7673,84
8794,84
5203,35
7137,35
4791,42
6436,2
4892,36
6999,3
5038,3
8181,3
6063,3
9184,42
7540,42
4966,56
6939,56
6759,56
5001,53
8769,53
6503,53
5666,53
5032,16
6433,16
5086,89
6855,89
6582,89
8848,89
6218,89
8680,48
6813,7
5180,53
5605,36
8637,8
5332,31
8111,31
7519,31
8439,31
6703,31
5356,34
8340,34
8900,34
6686,44
9165,44
7918,43
8937,24
8932,24
5776,18
8323,18
7983,18
6322,18
5958,87
6141,36
6227,42
6326,79
8218,13
6956,27
6957,3
8169,25
6733,85
6795,13
6830,64
6912,76
8911,3
7438,3
7687,3
7111,15
7117,71
8939,35
7366,10
7297,46
7305,2
7783,2
8642,2
8509,2
8313,2
8511,18
7772,5
7500,85
9057,44
7583,32
8617,32
7681,25
8337,43
9201,79
9180,52
8454,0
