source,target
264,5641
4494,5641
5337,5641
5641,7088
5641,8472
36,6430
56,6430
101,6430
138,6430
196,6430
208,6430
303,6430
535,6430
592,6430
698,6430
742,6430
880,6430
889,6430
949,6430
1181,6430
1199,6430
1338,6430
1405,6430
1406,6430
1498,6430
1669,6430
1724,6430
1784,6430
1837,6430
1841,6430
1861,6430
2077,6430
2159,6430
2195,6430
2672,6430
2677,6430
2763,6430
2847,6430
2892,6430
2918,6430
2989,6430
3026,6430
3047,6430
3143,6430
3298,6430
3355,6430
3519,6430
3763,6430
3815,6430
3856,6430
3950,6430
4103,6430
4141,6430
4350,6430
4403,6430
4543,6430
4751,6430
4790,6430
4795,6430
5215,6430
5606,6430
5726,6430
5767,6430
5892,6430
5896,6430
5943,6430
6014,6430
6178,6430
6310,6430
6325,6430
6345,6430
6430,6955
6430,8354
6430,8965
6430,6926
6430,8875
6430,7053
6430,8418
6430,8901
6430,6950
6430,8522
6430,8843
6430,8750
6430,8982
6430,7996
6430,6691
6430,7184
6430,6488
17,4588
32,4588
258,4588
269,4588
270,4588
366,4588
407,4588
498,4588
584,4588
614,4588
722,4588
798,4588
803,4588
814,4588
1030,4588
1036,4588
1236,4588
1418,4588
1509,4588
1534,4588
1614,4588
1616,4588
1767,4588
1886,4588
1905,4588
1913,4588
1951,4588
2070,4588
2154,4588
2271,4588
2290,4588
2298,4588
2306,4588
2473,4588
2477,4588
2599,4588
2620,4588
2661,4588
2774,4588
2779,4588
3069,4588
3076,4588
3097,4588
3189,4588
3274,4588
3282,4588
3363,4588
3373,4588
3538,4588
3737,4588
3750,4588
3974,4588
4234,4588
4275,4588
4314,4588
4339,4588
4588,6245
4588,5541
4588,8320
4588,6181
4588,5768
4588,6952
4588,7170
4588,8050
4588,5853
4588,4599
4588,9030
4588,8582
4588,9082
4588,7323
4588,6874
4588,7557
4588,6832
4588,8962
4588,4707
4588,7130
4588,5242
4588,8584
4588,8038
4588,7537
4588,6021
4588,5416
4588,5475
4588,7632
4588,4640
4588,5162
4588,5160
4588,7065
4588,6501
4588,8981
4588,7376
4588,6749
4588,5816
4588,5946
4588,8397
4588,8923
4588,8375
4588,6131
4588,4876
4588,6041
4588,6186
4588,8191
4588,7253
4588,8783
4588,8695
4588,4761
4588,5546
4588,6943
4588,6544
4588,7995
4588,7784
4588,5604
4588,6616
4588,7342
4588,7243
4588,6908
4588,5006
4588,7373
10,5022
359,5022
517,5022
1025,5022
1194,5022
1300,5022
1391,5022
1744,5022
1830,5022
3071,5022
3684,5022
3780,5022
4144,5022
5022,5164
5022,5349
5022,6012
5022,7908
5022,7068
5022,5537
5022,5906
5022,6538
5022,9088
5022,7549
5022,5312
5022,6426
264,5337
269,5337
271,5337
721,5337
796,5337
1249,5337
1387,5337
1653,5337
1837,5337
2457,5337
2472,5337
2954,5337
3193,5337
3202,5337
3344,5337
3369,5337
3539,5337
3732,5337
3832,5337
3860,5337
4160,5337
4275,5337
4350,5337
4494,5337
4555,5337
4600,5337
4675,5337
4818,5337
4871,5337
5020,5337
5053,5337
5123,5337
5337,7258
5337,8382
5337,6181
5337,6204
5337,8618
5337,5844
5337,8982
5337,8728
5337,6304
5337,6209
5337,8584
5337,7482
5337,8332
5337,6268
5337,6028
5337,7864
5337,8123
5337,7189
5337,5612
5337,6498
5337,9216
5337,7088
5337,5641
5337,8472
117,4448
197,4448
369,4448
452,4448
766,4448
891,4448
1357,4448
1686,4448
1751,4448
1857,4448
2737,4448
2898,4448
3065,4448
3512,4448
3555,4448
4015,4448
4338,4448
4448,4697
4448,5890
4448,8576
4448,5365
4448,5496
4448,6151
4448,8288
4448,7491
4448,6292
4448,5626
4448,5629
4448,8060
4448,8907
4448,8842
4448,4448
1593,5334
4009,5334
4326,5334
5334,6584
5334,7410
5334,5949
5334,8728
5334,6365
5334,8329
349,7484
482,7484
534,7484
631,7484
1632,7484
1670,7484
1725,7484
1745,7484
1889,7484
1965,7484
2137,7484
3217,7484
3479,7484
3787,7484
4336,7484
5471,7484
6406,7484
6611,7484
6638,7484
6747,7484
7177,7484
7484,8546
7484,7895
7484,7805
7484,7943
38,3565
92,3565
175,3565
431,3565
510,3565
529,3565
614,3565
623,3565
659,3565
681,3565
699,3565
798,3565
930,3565
962,3565
969,3565
976,3565
1065,3565
1110,3565
1111,3565
1116,3565
1170,3565
1216,3565
1235,3565
1283,3565
1308,3565
1350,3565
1415,3565
1436,3565
1496,3565
1534,3565
1715,3565
1782,3565
1827,3565
1873,3565
1894,3565
1931,3565
2154,3565
2333,3565
2455,3565
2459,3565
2509,3565
2824,3565
2863,3565
3097,3565
3129,3565
3140,3565
3179,3565
3322,3565
3400,3565
3440,3565
3486,3565
3493,3565
3556,3565
3564,3565
3565,8783
3565,5662
3565,7376
3565,4458
3565,8021
3565,9042
3565,4758
3565,8247
3565,3700
3565,7466
3565,3654
3565,7946
3565,7170
3565,5831
3565,7892
3565,7920
3565,6392
3565,4670
3565,8230
3565,8396
3565,4623
3565,7323
3565,4860
3565,6636
3565,4428
3565,7022
3565,4314
3565,7742
3565,6435
3565,4707
3565,7992
3565,5242
3565,8584
3565,4151
3565,6647
3565,7811
3565,7729
3565,8364
3565,7475
3565,8503
3565,9090
3565,6802
3565,5162
3565,5100
3565,6337
3565,6579
3565,7174
3565,3937
3565,9036
3565,5163
3565,4761
3565,5546
3565,6723
3565,6029
3565,4693
3565,5752
3565,4431
3565,6965
3565,6067
3565,4078
3565,4602
3565,8526
3565,3570
3565,8962
3565,8006
3565,4237
3565,8268
3565,7633
3565,4910
3565,6449
3565,6623
3565,8491
3565,7280
3565,6041
3565,4142
3565,7243
3565,5220
3565,9219
3565,7790
3565,7357
3565,9133
3565,5241
3565,8016
3565,7308
3565,8968
3565,4978
3565,4861
3565,8602
3565,4914
3565,5089
3565,3994
3565,4768
124,1607
1343,1607
1607,7271
1607,5502
1607,6149
1607,6946
1607,4083
1607,8758
1607,4336
1607,7169
744,1696
794,1696
997,1696
1477,1696
1627,1696
1696,1698
1696,6212
1696,7014
1696,5774
1696,3954
1696,9211
1696,2897
1696,7154
1696,3409
1696,7667
1696,5881
1696,4679
1696,6680
1696,7288
1696,6935
1696,7846
1696,6794
17,6181
258,6181
269,6181
270,6181
271,6181
347,6181
366,6181
407,6181
498,6181
584,6181
614,6181
641,6181
706,6181
721,6181
722,6181
796,6181
798,6181
803,6181
851,6181
1036,6181
1249,6181
1387,6181
1501,6181
1509,6181
1534,6181
1564,6181
1614,6181
1616,6181
1653,6181
1714,6181
1837,6181
1886,6181
1905,6181
1951,6181
2154,6181
2290,6181
2419,6181
2457,6181
2472,6181
2477,6181
2599,6181
2620,6181
2661,6181
2698,6181
2774,6181
2791,6181
2954,6181
2963,6181
3049,6181
3069,6181
3189,6181
3193,6181
3202,6181
3211,6181
3344,6181
3363,6181
3369,6181
3373,6181
3456,6181
3538,6181
3539,6181
3732,6181
3737,6181
3832,6181
3860,6181
3917,6181
3988,6181
4160,6181
4174,6181
4275,6181
4314,6181
4350,6181
4555,6181
4588,6181
4599,6181
4600,6181
4640,6181
4664,6181
4675,6181
4707,6181
4818,6181
4871,6181
5020,6181
5053,6181
5123,6181
5160,6181
5162,6181
5242,6181
5337,6181
5394,6181
5416,6181
5475,6181
5541,6181
5580,6181
5612,6181
5768,6181
5813,6181
5844,6181
5853,6181
6021,6181
6028,6181
6102,6181
6181,6245
6181,8320
6181,6952
6181,7170
6181,8050
6181,9030
6181,8582
6181,9082
6181,7323
6181,6874
6181,7557
6181,6832
6181,8962
6181,7130
6181,8584
6181,8038
6181,7537
6181,7632
6181,7065
6181,6501
6181,8981
6181,7258
6181,8382
6181,6204
6181,8618
6181,8982
6181,8728
6181,6304
6181,6209
6181,7482
6181,8332
6181,6268
6181,7864
6181,8123
6181,7189
6181,6498
6181,9216
6181,6901
6181,8730
6181,6270
6181,6789
6181,6875
6181,9089
6181,7032
6181,7683
6181,6383
6181,7922
6181,6242
6181,8708
6181,7104
6181,8771
6181,6871
6181,6301
6181,7245
6181,6954
38,8247
92,8247
175,8247
221,8247
431,8247
510,8247
529,8247
614,8247
623,8247
659,8247
681,8247
699,8247
798,8247
930,8247
962,8247
969,8247
976,8247
1055,8247
1065,8247
1110,8247
1111,8247
1116,8247
1170,8247
1206,8247
1216,8247
1235,8247
1283,8247
1308,8247
1350,8247
1415,8247
1436,8247
1496,8247
1534,8247
1635,8247
1715,8247
1726,8247
1782,8247
1827,8247
1873,8247
1894,8247
1931,8247
2077,8247
2154,8247
2333,8247
2455,8247
2459,8247
2509,8247
2601,8247
2690,8247
2824,8247
2863,8247
2980,8247
3097,8247
3129,8247
3140,8247
3179,8247
3322,8247
3400,8247
3440,8247
3486,8247
3493,8247
3556,8247
3564,8247
3565,8247
3570,8247
3654,8247
3691,8247
3700,8247
3760,8247
3875,8247
3937,8247
3994,8247
4078,8247
4142,8247
4151,8247
4237,8247
4314,8247
4428,8247
4431,8247
4458,8247
4499,8247
4602,8247
4623,8247
4670,8247
4693,8247
4707,8247
4713,8247
4758,8247
4761,8247
4768,8247
4860,8247
4861,8247
4910,8247
4914,8247
4978,8247
4996,8247
5089,8247
5100,8247
5162,8247
5163,8247
5220,8247
5241,8247
5242,8247
5425,8247
5546,8247
5662,8247
5752,8247
5831,8247
5836,8247
6001,8247
6029,8247
6041,8247
6067,8247
6337,8247
6392,8247
6435,8247
6449,8247
6475,8247
6579,8247
6612,8247
6623,8247
6636,8247
6647,8247
6659,8247
6723,8247
6750,8247
6802,8247
6965,8247
7022,8247
7166,8247
7170,8247
7174,8247
7237,8247
7243,8247
7280,8247
7308,8247
7323,8247
7357,8247
7376,8247
7466,8247
7475,8247
7578,8247
7606,8247
7633,8247
7639,8247
7729,8247
7742,8247
7789,8247
7790,8247
7811,8247
7892,8247
7920,8247
7946,8247
7992,8247
8006,8247
8016,8247
8021,8247
8230,8247
8240,8247
8247,8783
8247,9042
8247,8396
8247,8584
8247,8364
8247,8503
8247,9090
8247,9036
8247,8526
8247,8962
8247,8268
8247,8491
8247,9219
8247,9133
8247,8968
8247,8602
8247,8455
8247,8812
1593,4009
4009,5334
4009,6584
4009,7410
4009,5949
4009,8728
4009,6365
4009,8329
4009,4326
315,3778
355,3778
3778,4339
3778,3808
3778,4583
3778,5303
3778,7672
38,9042
92,9042
175,9042
431,9042
510,9042
529,9042
614,9042
623,9042
659,9042
681,9042
699,9042
798,9042
930,9042
962,9042
969,9042
976,9042
1065,9042
1110,9042
1111,9042
1116,9042
1170,9042
1216,9042
1235,9042
1283,9042
1308,9042
1350,9042
1415,9042
1436,9042
1496,9042
1534,9042
1715,9042
1782,9042
1827,9042
1873,9042
1894,9042
1931,9042
2154,9042
2333,9042
2455,9042
2459,9042
2509,9042
2824,9042
2863,9042
3097,9042
3129,9042
3140,9042
3179,9042
3322,9042
3400,9042
3440,9042
3486,9042
3493,9042
3556,9042
3564,9042
3565,9042
3570,9042
3654,9042
3700,9042
3937,9042
3994,9042
4078,9042
4142,9042
4151,9042
4237,9042
4314,9042
4428,9042
4431,9042
4458,9042
4602,9042
4623,9042
4670,9042
4693,9042
4707,9042
4758,9042
4761,9042
4768,9042
4860,9042
4861,9042
4910,9042
4914,9042
4978,9042
5089,9042
5100,9042
5162,9042
5163,9042
5220,9042
5241,9042
5242,9042
5546,9042
5662,9042
5752,9042
5831,9042
6029,9042
6041,9042
6067,9042
6337,9042
6392,9042
6435,9042
6449,9042
6579,9042
6623,9042
6636,9042
6647,9042
6723,9042
6802,9042
6965,9042
7022,9042
7170,9042
7174,9042
7243,9042
7280,9042
7308,9042
7323,9042
7357,9042
7376,9042
7466,9042
7475,9042
7633,9042
7729,9042
7742,9042
7790,9042
7811,9042
7892,9042
7920,9042
7946,9042
7992,9042
8006,9042
8016,9042
8021,9042
8230,9042
8247,9042
8268,9042
8364,9042
8396,9042
8491,9042
8503,9042
8526,9042
8584,9042
8602,9042
8783,9042
8962,9042
8968,9042
9036,9042
9042,9090
9042,9219
9042,9133
10,1194
517,1194
1025,1194
1194,5164
1194,5022
1194,5349
1194,3071
1194,3780
1194,6012
1194,7908
1194,1391
1194,1744
1194,7068
1194,5537
1194,5906
1194,1830
1194,3684
1194,4144
1194,6538
1194,1194
5332,8111
5332,7519
5332,8439
5332,7557
5332,6703
5332,5332
341,5515
341,7324
341,4874
341,8833
341,6984
341,5705
341,8092
341,507
724,4065
1179,4065
2351,4065
3323,4065
4065,5023
4065,5414
4065,5159
4065,6780
4065,8325
4065,4069
4065,6086
4065,6002
177,2675
497,2675
689,2675
1027,2675
1210,2675
1612,2675
1793,2675
2273,2675
2329,2675
2364,2675
2365,2675
2368,2675
2444,2675
2633,2675
2675,5233
2675,8040
2675,5940
2675,4520
2675,9225
2675,6316
2675,3597
2675,5527
2675,8686
2675,6658
2675,7309
2675,7812
2675,8314
2675,4674
2675,5374
2675,6300
2675,4513
2675,8960
2675,8084
2675,5145
2675,6790
2675,7886
2675,2966
2675,4671
2675,5859
2675,2922
2675,8222
2675,2788
2675,7786
2675,8500
2675,4563
2675,4186
2675,5389
2675,6098
2675,3862
52,8109
52,3576
52,4745
52,8505
52,9123
52,6619
52,1757
52,8881
52,1464
52,7052
52,6516
52,8582
52,52
52,1811
52,5938
52,2719
52,2099
52,3504
52,7080
52,8492
52,1126
52,2015
173,3193
269,3193
271,3193
721,3193
796,3193
1249,3193
1387,3193
1653,3193
1837,3193
1860,3193
2186,3193
2321,3193
2457,3193
2472,3193
2954,3193
3193,6028
3193,8162
3193,8837
3193,6850
3193,3877
3193,8312
3193,8047
3193,7258
3193,5020
3193,8618
3193,3202
3193,7189
3193,6204
3193,3860
3193,5844
3193,3732
3193,4871
3193,8332
3193,6268
3193,3832
3193,4600
3193,5123
3193,6498
3193,4275
3193,4555
3193,4160
3193,8382
3193,4675
3193,6181
3193,3539
3193,4350
3193,5053
3193,3344
3193,5337
3193,4818
3193,8982
3193,8728
3193,6304
3193,6209
3193,8584
3193,7482
3193,3369
3193,7864
3193,8123
3193,5612
3193,9216
38,4623
92,4623
175,4623
431,4623
510,4623
529,4623
614,4623
623,4623
659,4623
681,4623
699,4623
798,4623
930,4623
962,4623
969,4623
976,4623
1065,4623
1110,4623
1111,4623
1116,4623
1170,4623
1216,4623
1235,4623
1283,4623
1308,4623
1350,4623
1415,4623
1436,4623
1496,4623
1534,4623
1715,4623
1782,4623
1827,4623
1873,4623
1894,4623
1931,4623
2154,4623
2333,4623
2455,4623
2459,4623
2509,4623
2824,4623
2863,4623
3097,4623
3129,4623
3140,4623
3179,4623
3322,4623
3400,4623
3440,4623
3486,4623
3493,4623
3556,4623
3564,4623
3565,4623
3570,4623
3654,4623
3700,4623
3937,4623
3994,4623
4078,4623
4142,4623
4151,4623
4237,4623
4314,4623
4428,4623
4431,4623
4458,4623
4602,4623
4623,8783
4623,5662
4623,7376
4623,8021
4623,9042
4623,4758
4623,8247
4623,7466
4623,7946
4623,7170
4623,5831
4623,7892
4623,7920
4623,6392
4623,4670
4623,8230
4623,8396
4623,7323
4623,4860
4623,6636
4623,7022
4623,7742
4623,6435
4623,4707
4623,7992
4623,5242
4623,8584
4623,6647
4623,7811
4623,7729
4623,8364
4623,7475
4623,8503
4623,9090
4623,6802
4623,5162
4623,5100
4623,6337
4623,6579
4623,7174
4623,9036
4623,5163
4623,4761
4623,5546
4623,6723
4623,6029
4623,4693
4623,5752
4623,6965
4623,6067
4623,8526
4623,8962
4623,8006
4623,8268
4623,7633
4623,4910
4623,6449
4623,6623
4623,8491
4623,7280
4623,6041
4623,7243
4623,5220
4623,9219
4623,7790
4623,7357
4623,9133
4623,5241
4623,8016
4623,7308
4623,8968
4623,4978
4623,4861
4623,8602
4623,4914
4623,5089
4623,4768
17,8582
32,8582
48,8582
52,8582
258,8582
269,8582
270,8582
336,8582
366,8582
407,8582
498,8582
584,8582
614,8582
708,8582
722,8582
798,8582
803,8582
814,8582
933,8582
978,8582
996,8582
1030,8582
1036,8582
1236,8582
1367,8582
1418,8582
1509,8582
1534,8582
1555,8582
1614,8582
1616,8582
1886,8582
1905,8582
1913,8582
1951,8582
2022,8582
2036,8582
2070,8582
2154,8582
2290,8582
2297,8582
2298,8582
2306,8582
2477,8582
2599,8582
2617,8582
2620,8582
2661,8582
2704,8582
2728,8582
2774,8582
2779,8582
2844,8582
3069,8582
3076,8582
3189,8582
3282,8582
3294,8582
3363,8582
3373,8582
3538,8582
3698,8582
3737,8582
3750,8582
4234,8582
4275,8582
4314,8582
4339,8582
4446,8582
4567,8582
4588,8582
4599,8582
4640,8582
4707,8582
4761,8582
5006,8582
5160,8582
5162,8582
5242,8582
5413,8582
5416,8582
5467,8582
5475,8582
5541,8582
5546,8582
5604,8582
5674,8582
5763,8582
5768,8582
5816,8582
5853,8582
5946,8582
6021,8582
6041,8582
6131,8582
6181,8582
6245,8582
6468,8582
6501,8582
6516,8582
6544,8582
6564,8582
6616,8582
6657,8582
6667,8582
6771,8582
6832,8582
6874,8582
6876,8582
6908,8582
6943,8582
6952,8582
6987,8582
7009,8582
7011,8582
7065,8582
7130,8582
7170,8582
7243,8582
7323,8582
7342,8582
7373,8582
7523,8582
7532,8582
7537,8582
7557,8582
7610,8582
7632,8582
7710,8582
7784,8582
7995,8582
8024,8582
8038,8582
8050,8582
8191,8582
8320,8582
8345,8582
8397,8582
8582,8926
8582,9030
8582,9082
8582,8962
8582,8584
8582,8981
8582,8783
8582,8695
8582,8923
8582,8862
8582,9142
151,1589
381,1589
769,1589
946,1589
1589,5948
1589,7733
1589,2771
1589,1763
1589,8157
1589,2734
1589,7939
1589,7421
1589,5682
1589,4508
1589,9139
1589,8373
1589,6934
1589,4631
1589,5248
68,4299
78,4299
212,4299
236,4299
480,4299
597,4299
832,4299
900,4299
916,4299
1113,4299
1579,4299
1750,4299
1938,4299
2011,4299
2083,4299
2603,4299
2776,4299
3189,4299
3286,4299
3573,4299
3639,4299
3679,4299
3714,4299
3876,4299
4007,4299
4143,4299
4290,4299
4299,8907
4299,6753
4299,6575
4299,9190
4299,6786
4299,7125
4299,4472
4299,5048
4299,6800
4299,8935
4299,9208
4299,8581
4299,7571
4299,5067
4299,6576
4299,7447
4299,7948
4299,8645
4299,7148
4299,8096
4299,7966
4299,7723
4299,8390
4299,5109
4299,8536
4299,8809
4299,5260
4299,7142
4299,8631
4299,5802
17,1614
32,1614
121,1614
234,1614
258,1614
269,1614
270,1614
366,1614
401,1614
407,1614
414,1614
440,1614
498,1614
584,1614
614,1614
623,1614
722,1614
759,1614
798,1614
803,1614
969,1614
982,1614
1030,1614
1036,1614
1048,1614
1084,1614
1166,1614
1183,1614
1236,1614
1241,1614
1272,1614
1415,1614
1418,1614
1509,1614
1519,1614
1532,1614
1534,1614
1558,1614
1614,2774
1614,4446
1614,7011
1614,2661
1614,2844
1614,6876
1614,8582
1614,7784
1614,3538
1614,5763
1614,5475
1614,7710
1614,3294
1614,7373
1614,2728
1614,8926
1614,3373
1614,8783
1614,4160
1614,3374
1614,8320
1614,3116
1614,4289
1614,1676
1614,2881
1614,1767
1614,3737
1614,2477
1614,7167
1614,5768
1614,1616
1614,2154
1614,2290
1614,6952
1614,4721
1614,4339
1614,5495
1614,3839
1614,4371
1614,2672
1614,6544
1614,6029
1614,5053
1614,2453
1614,4670
1614,5853
1614,1729
1614,3974
1614,6547
1614,2599
1614,3477
1614,4599
1614,3209
1614,8396
1614,2082
1614,3658
1614,7877
1614,3715
1614,7323
1614,3069
1614,1951
1614,6832
1614,5843
1614,2620
1614,1886
1614,3274
1614,2298
1614,2271
1614,5117
1614,3869
1614,8584
1614,7767
1614,4876
1614,7109
1614,3833
1614,1813
1614,6041
1614,2150
1614,4275
1614,6679
1614,5173
1614,9175
1614,3004
1614,5416
1614,4569
1614,4640
1614,8251
1614,3076
1614,5873
1614,2778
1614,4234
1614,4593
1614,6315
1614,7160
1614,6186
1614,5162
1614,8362
1614,5006
1614,8774
1614,2157
1614,8817
1614,7253
1614,8981
1614,6245
1614,5541
1614,6181
1614,4588
1614,7170
1614,8050
1614,9030
1614,1905
1614,9082
1614,6874
1614,7557
1614,4314
1614,8962
1614,3189
1614,4707
1614,7130
1614,5242
1614,8038
1614,7537
1614,6021
1614,7632
1614,3363
1614,5160
1614,7065
1614,6501
1614,7376
1614,5816
1614,3121
1614,4761
1614,3453
1614,3151
1614,6616
1614,5479
1614,7342
1614,6866
1614,3123
1614,8550
1614,8191
99,5328
232,5328
242,5328
438,5328
453,5328
757,5328
1475,5328
1593,5328
2000,5328
2028,5328
2294,5328
2470,5328
2495,5328
2787,5328
2885,5328
4045,5328
4051,5328
4369,5328
4490,5328
5149,5328
5251,5328
5276,5328
5328,9105
5328,5370
5328,6234
5328,6902
5328,7043
5328,6508
5328,8355
5328,6785
5328,8067
5328,8159
5328,9125
5328,8893
5328,5893
5328,6302
5328,9187
5328,8674
5328,7794
5328,7383
5328,6365
1019,3797
3143,3797
3797,5090
3797,6047
3797,6701
3797,8483
12,6922
105,6922
461,6922
1707,6922
3283,6922
6057,6922
6922,6988
6922,9205
6922,7669
6922,7129
1212,8777
1212,7904
1212,6874
1212,8094
38,1715
92,1715
175,1715
431,1715
510,1715
529,1715
614,1715
623,1715
659,1715
681,1715
699,1715
798,1715
930,1715
962,1715
969,1715
976,1715
1065,1715
1110,1715
1111,1715
1116,1715
1170,1715
1216,1715
1235,1715
1283,1715
1308,1715
1350,1715
1415,1715
1436,1715
1496,1715
1534,1715
1715,3564
1715,8783
1715,5662
1715,7376
1715,4458
1715,8021
1715,9042
1715,4758
1715,3556
1715,8247
1715,3700
1715,7466
1715,3654
1715,7946
1715,2154
1715,3493
1715,2824
1715,7170
1715,5831
1715,7892
1715,7920
1715,6392
1715,4670
1715,8230
1715,8396
1715,4623
1715,7323
1715,4860
1715,6636
1715,4428
1715,3440
1715,7022
1715,4314
1715,7742
1715,6435
1715,4707
1715,1827
1715,7992
1715,5242
1715,8584
1715,4151
1715,6647
1715,7811
1715,7729
1715,8364
1715,3565
1715,1931
1715,7475
1715,8503
1715,9090
1715,6802
1715,5162
1715,5100
1715,6337
1715,3400
1715,6579
1715,7174
1715,3937
1715,9036
1715,5163
1715,3322
1715,4761
1715,5546
1715,6723
1715,3140
1715,6029
1715,3097
1715,2333
1715,2455
1715,3486
1715,4693
1715,5752
1715,4431
1715,6965
1715,6067
1715,4078
1715,4602
1715,8526
1715,2863
1715,1873
1715,3129
1715,3570
1715,8962
1715,2459
1715,8006
1715,4237
1715,8268
1715,7633
1715,4910
1715,1894
1715,6449
1715,2509
1715,6623
1715,8491
1715,7280
1715,6041
1715,4142
1715,7243
1715,5220
1715,9219
1715,7790
1715,7357
1715,3179
1715,9133
1715,5241
1715,8016
1715,7308
1715,8968
1715,1782
1715,4978
1715,4861
1715,8602
1715,4914
1715,5089
1715,3994
1715,4768
436,4197
1112,4197
1329,4197
1449,4197
1736,4197
2406,4197
2688,4197
2754,4197
2868,4197
3857,4197
3870,4197
4085,4197
4197,7367
4197,5662
4197,7721
4197,4748
4197,7395
4197,7193
4197,4929
4197,4776
4197,8756
4197,6966
4197,8778
4197,6320
4197,6763
1198,4127
3217,4127
4127,7205
4127,5589
4127,6921
4127,6193
4127,7826
4127,8905
4127,4391
4127,5704
4127,6341
17,4707
32,4707
38,4707
92,4707
175,4707
258,4707
269,4707
270,4707
366,4707
407,4707
431,4707
498,4707
510,4707
529,4707
584,4707
614,4707
623,4707
659,4707
681,4707
699,4707
722,4707
798,4707
803,4707
814,4707
930,4707
962,4707
969,4707
976,4707
1030,4707
1036,4707
1065,4707
1110,4707
1111,4707
1116,4707
1170,4707
1216,4707
1235,4707
1236,4707
1283,4707
1308,4707
1350,4707
1415,4707
1418,4707
1436,4707
1496,4707
1509,4707
1534,4707
1614,4707
1616,4707
1715,4707
1767,4707
1782,4707
1827,4707
1873,4707
1886,4707
1894,4707
1905,4707
1913,4707
1931,4707
1951,4707
2070,4707
2154,4707
2271,4707
2290,4707
2298,4707
2306,4707
2333,4707
2455,4707
2459,4707
2473,4707
2477,4707
2509,4707
2599,4707
2620,4707
2661,4707
2774,4707
2779,4707
2824,4707
2863,4707
3069,4707
3076,4707
3097,4707
3129,4707
3140,4707
3179,4707
3189,4707
3274,4707
3282,4707
3322,4707
3363,4707
3373,4707
3400,4707
3440,4707
3486,4707
3493,4707
3538,4707
3556,4707
3564,4707
3565,4707
3570,4707
3654,4707
3700,4707
3737,4707
3750,4707
3937,4707
3974,4707
3994,4707
4078,4707
4142,4707
4151,4707
4234,4707
4237,4707
4275,4707
4314,4707
4339,4707
4428,4707
4431,4707
4458,4707
4588,4707
4599,4707
4602,4707
4623,4707
4640,4707
4670,4707
4693,4707
4707,8783
4707,5662
4707,7376
4707,8021
4707,9042
4707,4758
4707,8247
4707,7466
4707,7946
4707,7170
4707,5831
4707,7892
4707,7920
4707,6392
4707,8230
4707,8396
4707,7323
4707,4860
4707,6636
4707,7022
4707,7742
4707,6435
4707,7992
4707,5242
4707,8584
4707,6647
4707,7811
4707,7729
4707,8364
4707,7475
4707,8503
4707,9090
4707,6802
4707,5162
4707,5100
4707,6337
4707,6579
4707,7174
4707,9036
4707,5163
4707,4761
4707,5546
4707,6723
4707,6029
4707,5752
4707,6965
4707,6067
4707,8526
4707,8962
4707,8006
4707,8268
4707,7633
4707,4910
4707,6449
4707,6623
4707,8491
4707,7280
4707,6041
4707,7243
4707,5220
4707,9219
4707,7790
4707,7357
4707,9133
4707,5241
4707,8016
4707,7308
4707,8968
4707,4978
4707,4861
4707,8602
4707,4914
4707,5089
4707,4768
4707,6245
4707,5541
4707,8320
4707,6181
4707,5768
4707,6952
4707,8050
4707,5853
4707,9030
4707,8582
4707,9082
4707,6874
4707,7557
4707,6832
4707,7130
4707,8038
4707,7537
4707,6021
4707,5416
4707,5475
4707,7632
4707,5160
4707,7065
4707,6501
4707,8981
4707,6749
4707,5816
4707,5946
4707,8397
4707,8923
4707,8375
4707,6131
4707,4876
4707,6186
4707,8191
4707,7253
4707,8695
4707,6943
4707,6544
4707,7995
4707,7784
4707,5604
4707,6616
4707,7342
4707,6908
4707,5006
4707,7373
17,6832
32,6832
121,6832
159,6832
234,6832
258,6832
269,6832
270,6832
366,6832
401,6832
407,6832
414,6832
440,6832
498,6832
584,6832
611,6832
614,6832
623,6832
722,6832
759,6832
798,6832
803,6832
814,6832
969,6832
982,6832
1036,6832
1048,6832
1084,6832
1166,6832
1183,6832
1236,6832
1241,6832
1272,6832
1415,6832
1418,6832
1509,6832
1519,6832
1532,6832
1534,6832
1558,6832
1614,6832
1616,6832
1676,6832
1699,6832
1729,6832
1767,6832
1813,6832
1886,6832
1905,6832
1913,6832
1951,6832
2070,6832
2082,6832
2150,6832
2154,6832
2157,6832
2271,6832
2290,6832
2298,6832
2306,6832
2453,6832
2477,6832
2599,6832
2620,6832
2661,6832
2672,6832
2728,6832
2774,6832
2778,6832
2779,6832
2844,6832
2881,6832
3004,6832
3069,6832
3076,6832
3116,6832
3121,6832
3123,6832
3151,6832
3189,6832
3209,6832
3274,6832
3282,6832
3294,6832
3363,6832
3373,6832
3374,6832
3453,6832
3477,6832
3538,6832
3658,6832
3680,6832
3715,6832
3737,6832
3750,6832
3833,6832
3839,6832
3869,6832
3974,6832
4054,6832
4078,6832
4160,6832
4234,6832
4275,6832
4289,6832
4314,6832
4339,6832
4371,6832
4446,6832
4569,6832
4588,6832
4593,6832
4599,6832
4640,6832
4670,6832
4672,6832
4707,6832
4721,6832
4761,6832
4876,6832
5006,6832
5013,6832
5053,6832
5117,6832
5160,6832
5162,6832
5173,6832
5242,6832
5416,6832
5475,6832
5479,6832
5495,6832
5541,6832
5546,6832
5604,6832
5725,6832
5763,6832
5768,6832
5816,6832
5843,6832
5853,6832
5873,6832
5946,6832
6021,6832
6029,6832
6041,6832
6131,6832
6181,6832
6186,6832
6245,6832
6315,6832
6335,6832
6495,6832
6501,6832
6544,6832
6547,6832
6616,6832
6679,6832
6832,8783
6832,8320
6832,7011
6832,7167
6832,6952
6832,6876
6832,8396
6832,7877
6832,7323
6832,7784
6832,8584
6832,7767
6832,7109
6832,9175
6832,8251
6832,7710
6832,7160
6832,8362
6832,8774
6832,7373
6832,8817
6832,7253
6832,8926
6832,8981
6832,7376
6832,8397
6832,8050
6832,8923
6832,9030
6832,7170
6832,8582
6832,9082
6832,6874
6832,7557
6832,8962
6832,7130
6832,8038
6832,7537
6832,7632
6832,7065
6832,7342
6832,6866
6832,8550
6832,8191
6832,8695
6832,6943
6832,7995
6832,7243
6832,6908
6832,8585
6832,7679
6832,6832
68,4007
78,4007
212,4007
236,4007
480,4007
597,4007
832,4007
900,4007
916,4007
1113,4007
1579,4007
1750,4007
1938,4007
2011,4007
2083,4007
2603,4007
2776,4007
3189,4007
3286,4007
3573,4007
3639,4007
3679,4007
3714,4007
3876,4007
4007,4143
4007,8907
4007,6753
4007,6575
4007,9190
4007,6786
4007,7125
4007,4472
4007,5048
4007,6800
4007,8935
4007,9208
4007,8581
4007,4299
4007,7571
4007,5067
4007,6576
4007,7447
4007,7948
4007,8645
4007,7148
4007,8096
4007,7966
4007,7723
4007,4290
4007,8390
4007,5109
4007,8536
4007,8809
4007,5260
4007,7142
4007,8631
4007,5802
48,6667
336,6667
708,6667
933,6667
978,6667
996,6667
1245,6667
1276,6667
1298,6667
1555,6667
1845,6667
1932,6667
2138,6667
2297,6667
2354,6667
2389,6667
2588,6667
2617,6667
2979,6667
3131,6667
3450,6667
3635,6667
3698,6667
4056,6667
4276,6667
4291,6667
5063,6667
5273,6667
5413,6667
5530,6667
5674,6667
5736,6667
5878,6667
5938,6667
6124,6667
6468,6667
6564,6667
6657,6667
6667,7390
6667,8473
6667,7815
6667,7532
6667,8024
6667,7523
6667,9142
6667,8862
6667,8582
6667,7009
6667,6736
6667,7865
6667,8349
406,7386
1253,7386
1563,7386
1716,7386
2440,7386
2969,7386
3237,7386
3303,7386
3417,7386
3571,7386
3607,7386
3654,7386
3810,7386
3842,7386
4089,7386
4148,7386
4698,7386
5787,7386
5914,7386
6448,7386
6879,7386
6905,7386
7016,7386
7187,7386
7386,8767
7386,8928
7386,7386
7386,8170
7386,9132
10,6012
301,6012
517,6012
1025,6012
1194,6012
1391,6012
1744,6012
1830,6012
2025,6012
2626,6012
3071,6012
3643,6012
3684,6012
3780,6012
4144,6012
4337,6012
4733,6012
5022,6012
5164,6012
5349,6012
5537,6012
5906,6012
6012,7908
6012,7068
6012,6538
6012,8904
6012,6615
6012,7319
6012,7972
509,6634
730,6634
2007,6634
2722,6634
3247,6634
3445,6634
3618,6634
3791,6634
4832,6634
5512,6634
6294,6634
6634,7942
6634,8551
6634,7341
436,3870
793,3870
1112,3870
1329,3870
1449,3870
1736,3870
2129,3870
2406,3870
2688,3870
2754,3870
2868,3870
3147,3870
3857,3870
3870,7047
3870,8261
3870,7315
3870,4134
3870,7367
3870,4197
3870,5662
3870,7721
3870,4748
3870,7395
3870,7193
3870,4929
3870,4776
3870,8756
3870,6966
3870,8778
3870,6320
3870,4085
3870,6763
32,969
38,969
92,969
121,969
175,969
258,969
270,969
366,969
407,969
431,969
440,969
498,969
510,969
529,969
584,969
614,969
623,969
659,969
681,969
699,969
722,969
798,969
803,969
930,969
962,969
969,3564
969,8783
969,5662
969,7376
969,4458
969,8021
969,9042
969,4758
969,976
969,3556
969,8247
969,3700
969,7466
969,3654
969,1110
969,7946
969,2154
969,3493
969,2824
969,7170
969,5831
969,7892
969,7920
969,6392
969,4670
969,8230
969,1283
969,8396
969,4623
969,1308
969,1436
969,7323
969,4860
969,6636
969,4428
969,3440
969,7022
969,1350
969,4314
969,7742
969,6435
969,4707
969,1827
969,7992
969,1534
969,5242
969,8584
969,4151
969,6647
969,7811
969,7729
969,8364
969,3565
969,1715
969,1931
969,7475
969,8503
969,9090
969,1116
969,6802
969,5162
969,5100
969,6337
969,3400
969,6579
969,7174
969,3937
969,9036
969,5163
969,3322
969,4761
969,5546
969,6723
969,3140
969,6029
969,3097
969,2333
969,2455
969,3486
969,4693
969,5752
969,4431
969,6965
969,6067
969,4078
969,1065
969,4602
969,8526
969,2863
969,1873
969,3129
969,1235
969,1170
969,3570
969,8962
969,2459
969,1496
969,8006
969,4237
969,8268
969,7633
969,4910
969,1894
969,6449
969,1415
969,2509
969,6623
969,8491
969,7280
969,6041
969,4142
969,7243
969,5220
969,9219
969,7790
969,7357
969,3179
969,9133
969,5241
969,8016
969,7308
969,1216
969,8968
969,1782
969,4978
969,4861
969,8602
969,4914
969,5089
969,3994
969,1111
969,4768
969,2774
969,1183
969,5541
969,1532
969,5816
969,1699
969,2881
969,1767
969,7011
969,5768
969,1616
969,5725
969,2290
969,2661
969,8397
969,4339
969,5495
969,8050
969,6876
969,2453
969,3974
969,8923
969,4599
969,9030
969,1905
969,3069
969,3538
969,1951
969,1048
969,6832
969,5843
969,3189
969,3680
969,3274
969,5763
969,6616
969,7767
969,1166
969,8251
969,3363
969,6501
969,7373
969,8926
969,3121
969,1676
969,3737
969,1519
969,6544
969,1084
969,1614
969,3715
969,7784
969,6874
969,7557
969,3453
969,7130
969,3151
969,1236
969,5479
969,7342
969,1813
969,4275
969,6866
969,3123
969,1241
969,3076
969,5873
969,4593
969,7160
969,8550
969,6186
969,5160
969,8191
969,2157
969,7253
969,8981
367,2411
367,6054
367,7203
367,6275
367,3508
367,7241
367,1684
367,7102
367,3285
367,1262
367,7675
367,6693
367,4333
367,9094
367,3548
367,2430
367,1461
367,5188
367,1071
367,8244
367,4747
367,871
367,6858
367,5647
367,3945
367,5437
367,8521
367,3393
367,1948
367,5418
367,2678
367,1481
367,7534
367,7696
367,9221
367,8720
429,8270
1205,8270
1674,8270
2445,8270
2642,8270
3404,8270
3434,8270
3497,8270
3604,8270
4061,8270
4271,8270
4731,8270
5292,8270
5327,8270
5489,8270
6103,8270
6675,8270
7023,8270
7555,8270
7973,8270
8217,8270
8270,8470
8270,8549
8270,8641
8270,9144
8270,9045
349,2137
482,2137
1632,2137
1670,2137
1725,2137
1745,2137
2137,8546
2137,5471
2137,3217
2137,7895
2137,7484
2137,7805
2137,6638
2137,7943
2137,7177
2137,6611
2137,4336
5332,6703
6703,8111
6703,7519
6703,8439
6703,7557
198,2745
397,2745
1119,2745
1584,2745
2285,2745
2745,2991
2745,3737
2745,3158
2745,6447
2745,4778
2745,5688
2745,6932
2745,5754
2745,6011
2745,2745
17,2774
32,2774
121,2774
224,2774
234,2774
258,2774
267,2774
269,2774
270,2774
366,2774
401,2774
407,2774
414,2774
440,2774
498,2774
584,2774
614,2774
623,2774
722,2774
759,2774
798,2774
803,2774
969,2774
982,2774
1030,2774
1036,2774
1048,2774
1070,2774
1084,2774
1166,2774
1183,2774
1241,2774
1272,2774
1415,2774
1418,2774
1509,2774
1532,2774
1534,2774
1558,2774
1614,2774
1616,2774
1676,2774
1699,2774
1728,2774
1729,2774
1767,2774
1813,2774
1886,2774
1905,2774
1909,2774
1913,2774
1951,2774
2070,2774
2082,2774
2150,2774
2154,2774
2157,2774
2238,2774
2271,2774
2290,2774
2298,2774
2306,2774
2453,2774
2473,2774
2477,2774
2599,2774
2620,2774
2661,2774
2672,2774
2728,2774
2774,4446
2774,7011
2774,2844
2774,6876
2774,8582
2774,7784
2774,3538
2774,5763
2774,5475
2774,7710
2774,3294
2774,7373
2774,8926
2774,3373
2774,8783
2774,4160
2774,3374
2774,8320
2774,3116
2774,4289
2774,2881
2774,3737
2774,7167
2774,5768
2774,6952
2774,4721
2774,4339
2774,5495
2774,3839
2774,4371
2774,6544
2774,6029
2774,5053
2774,4670
2774,5853
2774,3974
2774,6547
2774,3477
2774,4599
2774,3209
2774,8396
2774,3658
2774,7877
2774,3715
2774,7323
2774,3069
2774,6832
2774,5843
2774,3274
2774,5117
2774,3869
2774,8584
2774,7767
2774,4876
2774,7109
2774,3833
2774,6041
2774,4275
2774,6679
2774,5173
2774,9175
2774,3004
2774,5416
2774,4569
2774,4640
2774,8251
2774,3076
2774,5873
2774,2778
2774,4234
2774,4593
2774,6315
2774,7160
2774,6186
2774,5162
2774,8362
2774,5006
2774,8774
2774,8817
2774,7253
2774,8981
2774,7376
2774,5541
2774,5816
2774,5725
2774,8397
2774,8050
2774,8923
2774,4078
2774,9030
2774,4314
2774,3189
2774,3680
2774,6616
2774,3363
2774,6501
2774,6245
2774,6181
2774,4588
2774,7170
2774,9082
2774,6874
2774,7557
2774,8962
2774,4707
2774,7130
2774,5242
2774,8038
2774,7537
2774,6021
2774,7632
2774,5160
2774,7065
2774,8301
2774,5866
2774,6749
2774,7350
2774,4761
2774,6943
2774,4429
2774,8876
2774,9185
2774,8375
2774,7926
2774,5604
2774,3098
2774,7963
2774,3453
2774,5078
2774,4340
2774,6647
2774,5479
2774,7342
2774,6897
2774,9219
2774,7790
2774,6866
2774,3123
2774,6328
2774,5971
2774,6520
2774,4873
2774,5938
2774,6748
347,6954
641,6954
706,6954
851,6954
1501,6954
1564,6954
1714,6954
1951,6954
2419,6954
2698,6954
2791,6954
2963,6954
3049,6954
3211,6954
3456,6954
3917,6954
3988,6954
4174,6954
4275,6954
4664,6954
5394,6954
5580,6954
5813,6954
6102,6954
6181,6954
6242,6954
6270,6954
6301,6954
6383,6954
6789,6954
6871,6954
6875,6954
6901,6954
6954,8730
6954,9089
6954,7170
6954,8618
6954,7032
6954,7683
6954,7922
6954,8708
6954,7104
6954,8771
6954,7245
349,1745
482,1745
1632,1745
1670,1745
1725,1745
1745,2137
1745,8546
1745,5471
1745,3217
1745,7895
1745,7484
1745,7805
1745,6638
1745,7943
1745,7177
1745,6611
1745,4336
104,6015
1248,6015
1344,6015
1613,6015
1633,6015
2309,6015
2334,6015
2944,6015
3817,6015
4553,6015
5234,6015
6015,6854
6015,6015
6015,8168
6015,8317
6015,7808
6015,8051
68,1750
78,1750
212,1750
236,1750
480,1750
597,1750
832,1750
900,1750
916,1750
1113,1750
1579,1750
1750,2776
1750,4143
1750,8907
1750,6753
1750,1938
1750,6575
1750,2083
1750,9190
1750,6786
1750,3639
1750,7125
1750,3714
1750,2603
1750,4472
1750,5048
1750,6800
1750,3876
1750,8935
1750,9208
1750,8581
1750,4299
1750,7571
1750,3189
1750,3679
1750,5067
1750,6576
1750,7447
1750,7948
1750,8645
1750,2011
1750,7148
1750,3286
1750,8096
1750,7966
1750,7723
1750,4290
1750,8390
1750,5109
1750,4007
1750,3573
1750,8536
1750,8809
1750,5260
1750,7142
1750,8631
1750,5802
424,2493
518,2493
679,2493
1553,2493
2287,2493
2493,2939
2493,4307
2493,5294
2493,6157
2493,7832
2493,6424
2493,8558
2493,5340
2493,4579
2493,7900
2493,9026
2493,6172
2493,5898
2493,2846
2493,5970
2493,9046
2493,6170
2493,8030
2493,3768
17,8397
32,8397
258,8397
269,8397
270,8397
366,8397
407,8397
498,8397
584,8397
722,8397
798,8397
803,8397
814,8397
969,8397
1030,8397
1036,8397
1048,8397
1166,8397
1183,8397
1236,8397
1415,8397
1418,8397
1509,8397
1532,8397
1534,8397
1616,8397
1699,8397
1767,8397
1886,8397
1905,8397
1913,8397
1951,8397
2070,8397
2154,8397
2271,8397
2290,8397
2298,8397
2306,8397
2453,8397
2473,8397
2477,8397
2599,8397
2661,8397
2774,8397
2779,8397
2881,8397
3069,8397
3076,8397
3097,8397
3189,8397
3274,8397
3282,8397
3363,8397
3373,8397
3538,8397
3680,8397
3750,8397
3974,8397
4078,8397
4234,8397
4275,8397
4314,8397
4339,8397
4588,8397
4599,8397
4707,8397
4761,8397
4876,8397
5006,8397
5162,8397
5416,8397
5495,8397
5541,8397
5546,8397
5604,8397
5725,8397
5763,8397
5768,8397
5816,8397
5843,8397
5853,8397
5946,8397
6041,8397
6131,8397
6186,8397
6245,8397
6501,8397
6544,8397
6616,8397
6749,8397
6832,8397
6874,8397
6876,8397
6908,8397
6943,8397
6952,8397
7011,8397
7130,8397
7243,8397
7253,8397
7323,8397
7342,8397
7373,8397
7376,8397
7557,8397
7767,8397
7784,8397
7995,8397
8050,8397
8191,8397
8251,8397
8320,8397
8375,8397
8396,8397
8397,8783
8397,8923
8397,9030
8397,8926
8397,8584
8397,8981
8397,8695
8397,8582
17,366
32,366
121,366
234,366
258,366
269,366
270,366
366,2774
366,3373
366,8783
366,4160
366,3374
366,584
366,1532
366,8320
366,4446
366,3116
366,4289
366,1676
366,2881
366,1767
366,3737
366,2477
366,7011
366,7167
366,5768
366,1272
366,1616
366,2154
366,2290
366,6952
366,4721
366,2661
366,4339
366,5495
366,498
366,3839
366,2844
366,4371
366,2672
366,6544
366,1084
366,6029
366,1614
366,6876
366,759
366,5053
366,2453
366,4670
366,5853
366,1729
366,3974
366,6547
366,2599
366,3477
366,798
366,4599
366,3209
366,8396
366,2082
366,3658
366,7877
366,3715
366,7323
366,3069
366,7784
366,1951
366,1418
366,1048
366,6832
366,1509
366,5843
366,2620
366,1886
366,3274
366,1534
366,2298
366,2271
366,5117
366,3869
366,8584
366,5763
366,440
366,1415
366,7767
366,4876
366,7109
366,3833
366,1813
366,6041
366,2150
366,4275
366,6679
366,5173
366,9175
366,3004
366,1166
366,5416
366,5475
366,4569
366,4640
366,8251
366,3076
366,1558
366,414
366,5873
366,2778
366,7710
366,4234
366,4593
366,6315
366,401
366,7160
366,982
366,623
366,6186
366,5162
366,8362
366,5006
366,8774
366,3294
366,7373
366,2157
366,8817
366,614
366,2728
366,7253
366,8926
366,8981
366,6245
366,5541
366,722
366,407
366,6181
366,4588
366,7170
366,8050
366,9030
366,8582
366,1905
366,9082
366,3538
366,6874
366,7557
366,4314
366,803
366,8962
366,3189
366,4707
366,7130
366,1036
366,5242
366,8038
366,7537
366,6021
366,7632
366,3363
366,5160
366,7065
366,6501
366,1183
366,7376
366,969
366,5816
366,3121
366,1519
366,4761
366,3453
366,3151
366,6616
366,1236
366,5479
366,7342
366,6866
366,3123
366,1241
366,8550
366,8191
366,6749
366,5946
366,8397
366,3097
366,8923
366,8375
366,6131
366,1030
366,3750
366,2473
366,8695
366,3282
366,5546
366,6943
366,7995
366,5604
366,2306
366,2070
366,814
366,1913
366,7243
366,2779
366,6908
17,1616
32,1616
234,1616
258,1616
269,1616
270,1616
366,1616
401,1616
407,1616
414,1616
440,1616
498,1616
584,1616
614,1616
623,1616
722,1616
759,1616
798,1616
803,1616
969,1616
982,1616
1036,1616
1048,1616
1084,1616
1166,1616
1183,1616
1272,1616
1415,1616
1418,1616
1509,1616
1532,1616
1534,1616
1558,1616
1614,1616
1616,2774
1616,3373
1616,8783
1616,4160
1616,3374
1616,8320
1616,4446
1616,3116
1616,4289
1616,1676
1616,2881
1616,1767
1616,3737
1616,2477
1616,7011
1616,7167
1616,5768
1616,2154
1616,2290
1616,6952
1616,4721
1616,2661
1616,4339
1616,5495
1616,3839
1616,2844
1616,4371
1616,2672
1616,6544
1616,6029
1616,6876
1616,5053
1616,2453
1616,4670
1616,5853
1616,1729
1616,3974
1616,6547
1616,2599
1616,3477
1616,4599
1616,3209
1616,8396
1616,2082
1616,3658
1616,7877
1616,3715
1616,7323
1616,3069
1616,7784
1616,1951
1616,6832
1616,5843
1616,2620
1616,1886
1616,3274
1616,2298
1616,2271
1616,5117
1616,3869
1616,8584
1616,5763
1616,7767
1616,4876
1616,7109
1616,3833
1616,1813
1616,6041
1616,2150
1616,4275
1616,6679
1616,5173
1616,9175
1616,3004
1616,5416
1616,5475
1616,4569
1616,4640
1616,8251
1616,3076
1616,5873
1616,2778
1616,7710
1616,4234
1616,4593
1616,6315
1616,7160
1616,6186
1616,5162
1616,8362
1616,5006
1616,8774
1616,3294
1616,7373
1616,2157
1616,8817
1616,2728
1616,7253
1616,8926
1616,8981
1616,7376
1616,5541
1616,5816
1616,1699
1616,5725
1616,8397
1616,8050
1616,8923
1616,4078
1616,9030
1616,1905
1616,3538
1616,4314
1616,3189
1616,3680
1616,6616
1616,3363
1616,6501
1616,6245
1616,6181
1616,4588
1616,7170
1616,8582
1616,9082
1616,6874
1616,7557
1616,8962
1616,4707
1616,7130
1616,5242
1616,8038
1616,7537
1616,6021
1616,7632
1616,5160
1616,7065
29,7456
444,7456
993,7456
1437,7456
1706,7456
1820,7456
2262,7456
2505,7456
3367,7456
3940,7456
4184,7456
4866,7456
5005,7456
5244,7456
6220,7456
6640,7456
7086,7456
7209,7456
7261,7456
7456,7561
7456,8624
7456,7843
65,3991
235,3991
1037,3991
1125,3991
1361,3991
1517,3991
2115,3991
2245,3991
2467,3991
2812,3991
3014,3991
3036,3991
3426,3991
3668,3991
3991,6976
3991,6886
3991,4528
3991,7937
3991,4997
3991,7246
3991,8723
3991,6737
3991,5916
3991,8524
3991,4090
3991,5987
3991,7609
3991,5374
3991,7545
3991,4189
3991,8757
38,2824
92,2824
175,2824
431,2824
510,2824
529,2824
614,2824
623,2824
659,2824
681,2824
699,2824
798,2824
930,2824
962,2824
969,2824
976,2824
1065,2824
1110,2824
1111,2824
1116,2824
1170,2824
1216,2824
1235,2824
1283,2824
1308,2824
1331,2824
1350,2824
1415,2824
1436,2824
1486,2824
1496,2824
1534,2824
1715,2824
1782,2824
1827,2824
1873,2824
1894,2824
1931,2824
1968,2824
2142,2824
2154,2824
2220,2824
2333,2824
2455,2824
2459,2824
2509,2824
2574,2824
2824,3564
2824,8783
2824,5662
2824,7376
2824,4458
2824,8021
2824,9042
2824,4758
2824,3556
2824,8247
2824,3700
2824,7466
2824,3654
2824,7946
2824,3493
2824,7170
2824,5831
2824,7892
2824,7920
2824,6392
2824,4670
2824,8230
2824,8396
2824,4623
2824,7323
2824,4860
2824,6636
2824,4428
2824,3440
2824,7022
2824,4314
2824,7742
2824,6435
2824,4707
2824,7992
2824,5242
2824,8584
2824,4151
2824,6647
2824,7811
2824,7729
2824,8364
2824,3565
2824,7475
2824,8503
2824,9090
2824,6802
2824,5162
2824,5100
2824,6337
2824,3400
2824,6579
2824,7174
2824,3937
2824,9036
2824,5163
2824,3322
2824,4761
2824,5546
2824,6723
2824,3140
2824,6029
2824,3097
2824,3486
2824,4693
2824,5752
2824,4431
2824,6965
2824,6067
2824,4078
2824,4602
2824,8526
2824,2863
2824,3129
2824,3570
2824,8962
2824,8006
2824,4237
2824,8268
2824,7633
2824,4910
2824,6449
2824,6623
2824,8491
2824,7280
2824,6041
2824,4142
2824,7243
2824,5220
2824,9219
2824,7790
2824,7357
2824,3179
2824,9133
2824,5241
2824,8016
2824,7308
2824,8968
2824,4978
2824,4861
2824,8602
2824,4914
2824,5089
2824,3994
2824,4768
2824,4769
2824,6482
2824,5343
2824,8952
2824,4001
2824,7770
2824,9091
2824,5794
2824,4534
2824,7228
2824,6700
2824,7844
2824,8182
2824,4162
2824,3716
935,2323
935,6068
17,9219
38,9219
92,9219
121,9219
175,9219
267,9219
270,9219
431,9219
510,9219
529,9219
537,9219
614,9219
623,9219
659,9219
681,9219
699,9219
722,9219
798,9219
930,9219
962,9219
969,9219
976,9219
1030,9219
1036,9219
1048,9219
1065,9219
1070,9219
1084,9219
1110,9219
1111,9219
1116,9219
1170,9219
1183,9219
1216,9219
1235,9219
1241,9219
1283,9219
1308,9219
1350,9219
1415,9219
1436,9219
1445,9219
1496,9219
1532,9219
1534,9219
1676,9219
1699,9219
1715,9219
1728,9219
1767,9219
1782,9219
1827,9219
1873,9219
1886,9219
1894,9219
1909,9219
1913,9219
1931,9219
2070,9219
2082,9219
2154,9219
2157,9219
2271,9219
2290,9219
2306,9219
2333,9219
2453,9219
2455,9219
2459,9219
2473,9219
2509,9219
2672,9219
2774,9219
2778,9219
2824,9219
2863,9219
2914,9219
3070,9219
3097,9219
3098,9219
3104,9219
3123,9219
3129,9219
3140,9219
3179,9219
3274,9219
3322,9219
3374,9219
3400,9219
3440,9219
3453,9219
3486,9219
3493,9219
3538,9219
3556,9219
3564,9219
3565,9219
3570,9219
3654,9219
3700,9219
3715,9219
3833,9219
3869,9219
3937,9219
3994,9219
4078,9219
4142,9219
4151,9219
4237,9219
4314,9219
4340,9219
4428,9219
4429,9219
4431,9219
4458,9219
4599,9219
4602,9219
4623,9219
4640,9219
4670,9219
4693,9219
4707,9219
4721,9219
4758,9219
4761,9219
4768,9219
4860,9219
4861,9219
4876,9219
4910,9219
4914,9219
4978,9219
4998,9219
5078,9219
5089,9219
5100,9219
5162,9219
5163,9219
5220,9219
5236,9219
5241,9219
5242,9219
5416,9219
5461,9219
5479,9219
5495,9219
5546,9219
5604,9219
5662,9219
5725,9219
5752,9219
5816,9219
5831,9219
5853,9219
5866,9219
5913,9219
5971,9219
6021,9219
6029,9219
6041,9219
6067,9219
6186,9219
6315,9219
6328,9219
6337,9219
6392,9219
6435,9219
6449,9219
6579,9219
6623,9219
6636,9219
6646,9219
6647,9219
6723,9219
6749,9219
6802,9219
6866,9219
6876,9219
6897,9219
6943,9219
6952,9219
6965,9219
7011,9219
7022,9219
7065,9219
7160,9219
7170,9219
7174,9219
7243,9219
7280,9219
7308,9219
7323,9219
7342,9219
7350,9219
7357,9219
7376,9219
7466,9219
7475,9219
7537,9219
7633,9219
7710,9219
7729,9219
7742,9219
7790,9219
7811,9219
7892,9219
7920,9219
7926,9219
7946,9219
7963,9219
7992,9219
8006,9219
8016,9219
8021,9219
8230,9219
8247,9219
8268,9219
8301,9219
8364,9219
8375,9219
8396,9219
8491,9219
8503,9219
8526,9219
8584,9219
8602,9219
8783,9219
8860,9219
8876,9219
8923,9219
8926,9219
8962,9219
8968,9219
8981,9219
9030,9219
9036,9219
9042,9219
9090,9219
9133,9219
9185,9219
9198,9219
9219,9219
52,5938
224,5938
1126,5938
1298,5938
1811,5938
2015,5938
2099,5938
2238,5938
2477,5938
2719,5938
2728,5938
2774,5938
3504,5938
4873,5938
5273,5938
5605,5938
5878,5938
5938,6667
5938,7390
5938,5938
5938,7080
5938,8492
5938,6516
5938,6520
5938,7167
5938,6748
396,8371
606,8371
760,8371
1224,8371
1227,8371
1866,8371
1872,8371
1955,8371
2144,8371
2220,8371
2224,8371
2452,8371
2574,8371
2775,8371
2951,8371
3705,8371
3712,8371
4226,8371
4323,8371
4769,8371
5354,8371
5388,8371
5698,8371
5860,8371
6099,8371
6266,8371
6482,8371
6826,8371
6845,8371
6851,8371
7038,8371
7615,8371
7751,8371
7798,8371
7882,8371
7887,8371
8371,8877
8371,9087
8371,8554
8371,8467
8371,8859
8371,8863
17,8584
32,8584
38,8584
92,8584
121,8584
175,8584
234,8584
258,8584
267,8584
269,8584
270,8584
271,8584
366,8584
401,8584
407,8584
414,8584
431,8584
440,8584
498,8584
510,8584
529,8584
584,8584
614,8584
623,8584
659,8584
681,8584
699,8584
721,8584
722,8584
759,8584
796,8584
798,8584
803,8584
814,8584
930,8584
962,8584
969,8584
976,8584
982,8584
1030,8584
1036,8584
1048,8584
1065,8584
1070,8584
1084,8584
1110,8584
1111,8584
1116,8584
1166,8584
1170,8584
1183,8584
1216,8584
1235,8584
1236,8584
1241,8584
1249,8584
1272,8584
1283,8584
1308,8584
1350,8584
1387,8584
1415,8584
1418,8584
1436,8584
1496,8584
1509,8584
1519,8584
1532,8584
1534,8584
1558,8584
1614,8584
1616,8584
1653,8584
1676,8584
1699,8584
1715,8584
1728,8584
1729,8584
1767,8584
1782,8584
1813,8584
1827,8584
1837,8584
1873,8584
1886,8584
1894,8584
1905,8584
1909,8584
1913,8584
1931,8584
1951,8584
2070,8584
2082,8584
2150,8584
2154,8584
2157,8584
2271,8584
2290,8584
2298,8584
2306,8584
2333,8584
2453,8584
2455,8584
2457,8584
2459,8584
2472,8584
2473,8584
2477,8584
2509,8584
2599,8584
2620,8584
2661,8584
2672,8584
2728,8584
2774,8584
2778,8584
2779,8584
2824,8584
2844,8584
2863,8584
2881,8584
2954,8584
3004,8584
3069,8584
3076,8584
3097,8584
3098,8584
3116,8584
3121,8584
3123,8584
3129,8584
3140,8584
3151,8584
3179,8584
3189,8584
3193,8584
3202,8584
3209,8584
3274,8584
3282,8584
3294,8584
3322,8584
3344,8584
3363,8584
3369,8584
3373,8584
3374,8584
3400,8584
3440,8584
3453,8584
3477,8584
3486,8584
3493,8584
3538,8584
3539,8584
3556,8584
3564,8584
3565,8584
3570,8584
3654,8584
3658,8584
3700,8584
3715,8584
3732,8584
3737,8584
3750,8584
3832,8584
3833,8584
3839,8584
3860,8584
3869,8584
3937,8584
3974,8584
3994,8584
4078,8584
4142,8584
4151,8584
4160,8584
4234,8584
4237,8584
4275,8584
4289,8584
4314,8584
4339,8584
4340,8584
4350,8584
4371,8584
4428,8584
4429,8584
4431,8584
4446,8584
4458,8584
4555,8584
4569,8584
4588,8584
4593,8584
4599,8584
4600,8584
4602,8584
4623,8584
4640,8584
4670,8584
4675,8584
4693,8584
4707,8584
4721,8584
4758,8584
4761,8584
4768,8584
4818,8584
4860,8584
4861,8584
4871,8584
4876,8584
4910,8584
4914,8584
4978,8584
5006,8584
5020,8584
5053,8584
5078,8584
5089,8584
5100,8584
5117,8584
5123,8584
5160,8584
5162,8584
5163,8584
5173,8584
5220,8584
5241,8584
5242,8584
5337,8584
5416,8584
5475,8584
5479,8584
5495,8584
5541,8584
5546,8584
5604,8584
5612,8584
5662,8584
5725,8584
5752,8584
5763,8584
5768,8584
5816,8584
5831,8584
5843,8584
5844,8584
5853,8584
5866,8584
5873,8584
5946,8584
5971,8584
6021,8584
6028,8584
6029,8584
6041,8584
6067,8584
6131,8584
6181,8584
6186,8584
6204,8584
6209,8584
6245,8584
6268,8584
6304,8584
6315,8584
6328,8584
6337,8584
6392,8584
6435,8584
6449,8584
6498,8584
6501,8584
6544,8584
6547,8584
6579,8584
6616,8584
6623,8584
6636,8584
6647,8584
6679,8584
6723,8584
6749,8584
6802,8584
6832,8584
6866,8584
6874,8584
6876,8584
6897,8584
6908,8584
6943,8584
6952,8584
6965,8584
7011,8584
7022,8584
7065,8584
7109,8584
7130,8584
7160,8584
7167,8584
7170,8584
7174,8584
7189,8584
7243,8584
7253,8584
7258,8584
7280,8584
7308,8584
7323,8584
7342,8584
7350,8584
7357,8584
7373,8584
7376,8584
7466,8584
7475,8584
7482,8584
7537,8584
7557,8584
7632,8584
7633,8584
7710,8584
7729,8584
7742,8584
7767,8584
7784,8584
7790,8584
7811,8584
7864,8584
7877,8584
7892,8584
7920,8584
7926,8584
7946,8584
7963,8584
7992,8584
7995,8584
8006,8584
8016,8584
8021,8584
8038,8584
8050,8584
8123,8584
8191,8584
8230,8584
8247,8584
8251,8584
8268,8584
8301,8584
8320,8584
8332,8584
8362,8584
8364,8584
8375,8584
8382,8584
8396,8584
8397,8584
8491,8584
8503,8584
8526,8584
8550,8584
8582,8584
8584,8783
8584,9042
8584,9090
8584,9036
8584,8962
8584,9219
8584,9133
8584,8968
8584,8602
8584,9175
8584,8774
8584,8817
8584,8926
8584,8981
8584,9030
8584,9082
8584,8876
8584,8923
8584,9185
8584,8695
8584,8618
8584,8982
8584,8728
8584,9216
17,1886
32,1886
121,1886
234,1886
258,1886
267,1886
269,1886
270,1886
366,1886
401,1886
407,1886
414,1886
440,1886
498,1886
584,1886
614,1886
623,1886
722,1886
759,1886
798,1886
803,1886
814,1886
982,1886
1030,1886
1036,1886
1048,1886
1070,1886
1084,1886
1166,1886
1183,1886
1236,1886
1241,1886
1272,1886
1415,1886
1418,1886
1509,1886
1532,1886
1534,1886
1558,1886
1614,1886
1616,1886
1676,1886
1699,1886
1728,1886
1729,1886
1767,1886
1813,1886
1886,2774
1886,3373
1886,8783
1886,4160
1886,3374
1886,8320
1886,4446
1886,3116
1886,4289
1886,2881
1886,3737
1886,2477
1886,7011
1886,7167
1886,5768
1886,2154
1886,2290
1886,6952
1886,4721
1886,2661
1886,4339
1886,5495
1886,3839
1886,2844
1886,4371
1886,2672
1886,6544
1886,6029
1886,6876
1886,5053
1886,2453
1886,4670
1886,5853
1886,3974
1886,6547
1886,2599
1886,3477
1886,4599
1886,3209
1886,8396
1886,2082
1886,3658
1886,7877
1886,3715
1886,7323
1886,3069
1886,7784
1886,1951
1886,6832
1886,5843
1886,2620
1886,3274
1886,2298
1886,2271
1886,5117
1886,3869
1886,8584
1886,5763
1886,7767
1886,4876
1886,7109
1886,3833
1886,6041
1886,2150
1886,4275
1886,6679
1886,5173
1886,9175
1886,3004
1886,5416
1886,5475
1886,4569
1886,4640
1886,8251
1886,3076
1886,5873
1886,2778
1886,7710
1886,4234
1886,4593
1886,6315
1886,7160
1886,6186
1886,5162
1886,8362
1886,5006
1886,8774
1886,3294
1886,7373
1886,2157
1886,8817
1886,2728
1886,7253
1886,8926
1886,8981
1886,6245
1886,5541
1886,6181
1886,4588
1886,7170
1886,8050
1886,9030
1886,8582
1886,1905
1886,9082
1886,3538
1886,6874
1886,7557
1886,4314
1886,8962
1886,3189
1886,4707
1886,7130
1886,5242
1886,8038
1886,7537
1886,6021
1886,7632
1886,3363
1886,5160
1886,7065
1886,6501
1886,8301
1886,5866
1886,7376
1886,6749
1886,5816
1886,5725
1886,7350
1886,4761
1886,6943
1886,4429
1886,8876
1886,8923
1886,9185
1886,8375
1886,4078
1886,7926
1886,5604
1886,3098
1886,2306
1886,2070
1886,7963
1886,3453
1886,5078
1886,4340
1886,1913
1886,6647
1886,5479
1886,7342
1886,6897
1886,9219
1886,7790
1886,6866
1886,3123
1886,6328
1886,5971
1886,2473
1886,1909
1886,5946
1886,8397
1886,3097
1886,6131
1886,3750
1886,8191
1886,8695
1886,3282
1886,5546
1886,7995
1886,6616
1886,7243
1886,2779
1886,6908
1679,2971
1748,2971
2820,2971
2971,6815
2971,9130
2971,4586
2971,4591
436,7193
1112,7193
1329,7193
1449,7193
1736,7193
2406,7193
2688,7193
2754,7193
2868,7193
3857,7193
3870,7193
4085,7193
4197,7193
4748,7193
4776,7193
4929,7193
5662,7193
6320,7193
6763,7193
6966,7193
7193,7367
7193,7721
7193,7395
7193,8756
7193,8778
375,7448
561,7448
627,7448
758,7448
775,7448
1220,7448
1348,7448
1366,7448
2230,7448
2736,7448
3210,7448
3212,7448
3218,7448
3312,7448
3640,7448
3847,7448
4140,7448
4243,7448
4292,7448
4661,7448
4740,7448
4853,7448
6092,7448
6412,7448
6714,7448
6894,7448
7240,7448
7273,7448
7448,8377
7448,7911
7448,8666
7448,8228
7448,8592
7448,8315
7448,8258
7448,7708
7448,8940
7448,8450
7448,7773
7448,7905
7448,9002
958,1103
1103,4660
1103,7848
1103,1207
1103,3781
1103,6137
1103,5518
1103,3561
1103,3412
1103,6165
1103,4763
1103,1557
1103,5713
1103,5723
124,6946
1343,6946
1607,6946
4083,6946
4336,6946
5502,6946
6149,6946
6946,7271
6946,8758
6946,7169
4,6151
117,6151
197,6151
324,6151
452,6151
754,6151
766,6151
891,6151
1357,6151
1363,6151
1595,6151
1658,6151
1686,6151
1857,6151
2737,6151
2898,6151
3037,6151
3065,6151
3396,6151
3512,6151
3555,6151
3580,6151
4015,6151
4338,6151
4448,6151
4697,6151
4702,6151
5365,6151
5496,6151
5626,6151
5629,6151
5890,6151
6151,8576
6151,8288
6151,7491
6151,6292
6151,8060
6151,8563
6151,8768
6151,7894
6151,7362
6151,7033
6151,6564
6151,7185
6151,8422
68,7723
78,7723
212,7723
236,7723
480,7723
597,7723
832,7723
900,7723
916,7723
1113,7723
1115,7723
1266,7723
1303,7723
1579,7723
1702,7723
1750,7723
1842,7723
1938,7723
1962,7723
2011,7723
2083,7723
2603,7723
2776,7723
2862,7723
2947,7723
3189,7723
3286,7723
3342,7723
3444,7723
3492,7723
3573,7723
3639,7723
3679,7723
3714,7723
3876,7723
4007,7723
4143,7723
4213,7723
4257,7723
4280,7723
4290,7723
4299,7723
4372,7723
4455,7723
4472,7723
4524,7723
4920,7723
5048,7723
5067,7723
5109,7723
5260,7723
5261,7723
5311,7723
5314,7723
5435,7723
5802,7723
5915,7723
5931,7723
6555,7723
6575,7723
6576,7723
6753,7723
6786,7723
6800,7723
6841,7723
7125,7723
7142,7723
7148,7723
7447,7723
7571,7723
7614,7723
7723,8786
7723,8073
7723,7768
7723,7864
7723,8895
7723,8480
7723,7795
7723,7936
7723,8529
7723,8907
7723,9190
7723,8935
7723,9208
7723,8581
7723,7948
7723,8645
7723,8096
7723,7966
7723,8390
7723,8536
7723,8809
7723,8631
346,6114
645,6114
1321,6114
1485,6114
3130,6114
3190,6114
3813,6114
5734,6114
6114,6173
6114,7853
6114,8087
6114,6649
6114,8293
6114,6443
17,6029
32,6029
38,6029
92,6029
175,6029
234,6029
269,6029
270,6029
366,6029
401,6029
414,6029
431,6029
440,6029
498,6029
510,6029
529,6029
584,6029
614,6029
623,6029
659,6029
681,6029
699,6029
759,6029
798,6029
930,6029
962,6029
969,6029
976,6029
982,6029
1048,6029
1065,6029
1084,6029
1110,6029
1111,6029
1116,6029
1166,6029
1170,6029
1216,6029
1235,6029
1272,6029
1283,6029
1308,6029
1350,6029
1415,6029
1418,6029
1436,6029
1496,6029
1509,6029
1532,6029
1534,6029
1558,6029
1614,6029
1616,6029
1676,6029
1715,6029
1729,6029
1767,6029
1782,6029
1813,6029
1827,6029
1873,6029
1886,6029
1894,6029
1931,6029
1951,6029
2082,6029
2150,6029
2154,6029
2157,6029
2271,6029
2290,6029
2298,6029
2333,6029
2453,6029
2455,6029
2459,6029
2477,6029
2509,6029
2599,6029
2620,6029
2661,6029
2672,6029
2728,6029
2774,6029
2778,6029
2824,6029
2844,6029
2863,6029
2881,6029
3004,6029
3069,6029
3076,6029
3097,6029
3116,6029
3129,6029
3140,6029
3179,6029
3209,6029
3274,6029
3294,6029
3322,6029
3373,6029
3374,6029
3400,6029
3440,6029
3477,6029
3486,6029
3493,6029
3556,6029
3564,6029
3565,6029
3570,6029
3654,6029
3658,6029
3700,6029
3715,6029
3737,6029
3833,6029
3839,6029
3869,6029
3937,6029
3974,6029
3994,6029
4078,6029
4142,6029
4151,6029
4160,6029
4234,6029
4237,6029
4275,6029
4289,6029
4314,6029
4339,6029
4371,6029
4428,6029
4431,6029
4446,6029
4458,6029
4569,6029
4593,6029
4599,6029
4602,6029
4623,6029
4640,6029
4670,6029
4693,6029
4707,6029
4721,6029
4758,6029
4761,6029
4768,6029
4860,6029
4861,6029
4876,6029
4910,6029
4914,6029
4978,6029
5006,6029
5053,6029
5089,6029
5100,6029
5117,6029
5162,6029
5163,6029
5173,6029
5220,6029
5241,6029
5242,6029
5416,6029
5475,6029
5495,6029
5546,6029
5662,6029
5752,6029
5763,6029
5768,6029
5831,6029
5843,6029
5853,6029
5873,6029
6029,8783
6029,6579
6029,7376
6029,7174
6029,8021
6029,9042
6029,8247
6029,9036
6029,7466
6029,7946
6029,7170
6029,7892
6029,7920
6029,6723
6029,6392
6029,8230
6029,6965
6029,6067
6029,8396
6029,7323
6029,6636
6029,7022
6029,8526
6029,7742
6029,6435
6029,8962
6029,8006
6029,8268
6029,7633
6029,7992
6029,8584
6029,6449
6029,6647
6029,6623
6029,7811
6029,8491
6029,7729
6029,7280
6029,8364
6029,6041
6029,7243
6029,9219
6029,7790
6029,7357
6029,9133
6029,8016
6029,7308
6029,8968
6029,7475
6029,8503
6029,8602
6029,9090
6029,6802
6029,6337
6029,8320
6029,7011
6029,7167
6029,6952
6029,6544
6029,6876
6029,6547
6029,7877
6029,7784
6029,6832
6029,7767
6029,7109
6029,6679
6029,9175
6029,8251
6029,7710
6029,6315
6029,7160
6029,6186
6029,8362
6029,8774
6029,7373
6029,8817
6029,7253
6029,8926
6029,8981
429,9045
589,9045
1151,9045
1205,9045
1674,9045
2445,9045
2642,9045
2852,9045
3404,9045
3434,9045
3497,9045
3604,9045
4061,9045
4271,9045
4731,9045
5292,9045
5327,9045
5489,9045
6103,9045
6675,9045
7023,9045
7555,9045
7973,9045
8217,9045
8270,9045
8470,9045
8549,9045
8641,9045
9045,9144
52,7080
1126,7080
1811,7080
2015,7080
2099,7080
2719,7080
3504,7080
5938,7080
6516,7080
7080,8492
17,2477
32,2477
100,2477
224,2477
234,2477
258,2477
269,2477
270,2477
366,2477
401,2477
407,2477
414,2477
440,2477
498,2477
584,2477
614,2477
623,2477
633,2477
722,2477
759,2477
798,2477
803,2477
982,2477
1010,2477
1030,2477
1036,2477
1048,2477
1084,2477
1166,2477
1272,2477
1415,2477
1418,2477
1509,2477
1532,2477
1534,2477
1558,2477
1614,2477
1616,2477
1676,2477
1729,2477
1767,2477
1813,2477
1886,2477
1905,2477
1951,2477
2082,2477
2150,2477
2154,2477
2157,2477
2238,2477
2271,2477
2290,2477
2298,2477
2453,2477
2473,2477
2477,3792
2477,4295
2477,2676
2477,7909
2477,4876
2477,8601
2477,2774
2477,3373
2477,8783
2477,4160
2477,3374
2477,8320
2477,4446
2477,3116
2477,4289
2477,2881
2477,3737
2477,7011
2477,7167
2477,5768
2477,6952
2477,4721
2477,2661
2477,4339
2477,5495
2477,3839
2477,2844
2477,4371
2477,2672
2477,6544
2477,6029
2477,6876
2477,5053
2477,4670
2477,5853
2477,3974
2477,6547
2477,2599
2477,3477
2477,4599
2477,3209
2477,8396
2477,3658
2477,7877
2477,3715
2477,7323
2477,3069
2477,7784
2477,6832
2477,5843
2477,2620
2477,3274
2477,5117
2477,3869
2477,8584
2477,5763
2477,7767
2477,7109
2477,3833
2477,6041
2477,4275
2477,6679
2477,5173
2477,9175
2477,3004
2477,5416
2477,5475
2477,4569
2477,4640
2477,8251
2477,3076
2477,5873
2477,2778
2477,7710
2477,4234
2477,4593
2477,6315
2477,7160
2477,6186
2477,5162
2477,8362
2477,5006
2477,8774
2477,3294
2477,7373
2477,8817
2477,2728
2477,7253
2477,8926
2477,8981
2477,6245
2477,5541
2477,6181
2477,4588
2477,7170
2477,8050
2477,9030
2477,8582
2477,9082
2477,3538
2477,6874
2477,7557
2477,4314
2477,8962
2477,3189
2477,4707
2477,7130
2477,5242
2477,8038
2477,7537
2477,6021
2477,7632
2477,3363
2477,5160
2477,7065
2477,6501
2477,7376
2477,6749
2477,5816
2477,5946
2477,8397
2477,3097
2477,8923
2477,8375
2477,6131
2477,3750
2477,8191
2477,2529
2477,3085
2477,4767
2477,6989
2477,8922
2477,8428
2477,6735
2477,6520
2477,4873
2477,5938
2477,6748
117,891
197,891
452,891
766,891
891,4697
891,5890
891,3555
891,8576
891,1686
891,4338
891,5365
891,3065
891,3512
891,5496
891,1357
891,6151
891,8288
891,4015
891,7491
891,6292
891,2737
891,4448
891,5626
891,5629
891,1857
891,2898
891,8060
260,7900
424,7900
518,7900
669,7900
679,7900
711,7900
1203,7900
1528,7900
1553,7900
2032,7900
2287,7900
2493,7900
2522,7900
2839,7900
2846,7900
2939,7900
3117,7900
3149,7900
3207,7900
3227,7900
3482,7900
3627,7900
3645,7900
3768,7900
4161,7900
4264,7900
4307,7900
4445,7900
4579,7900
4718,7900
4909,7900
5150,7900
5294,7900
5340,7900
5342,7900
5406,7900
5661,7900
5898,7900
5959,7900
5970,7900
6157,7900
6170,7900
6172,7900
6329,7900
6424,7900
6729,7900
7641,7900
7692,7900
7832,7900
7900,8558
7900,9026
7900,9046
7900,8030
7900,8254
17,5768
32,5768
234,5768
258,5768
269,5768
270,5768
366,5768
401,5768
407,5768
414,5768
440,5768
498,5768
584,5768
614,5768
623,5768
722,5768
759,5768
798,5768
803,5768
814,5768
969,5768
982,5768
1036,5768
1048,5768
1084,5768
1166,5768
1183,5768
1236,5768
1272,5768
1415,5768
1418,5768
1509,5768
1532,5768
1534,5768
1558,5768
1614,5768
1616,5768
1676,5768
1699,5768
1729,5768
1767,5768
1813,5768
1882,5768
1886,5768
1905,5768
1913,5768
1951,5768
1970,5768
2070,5768
2082,5768
2084,5768
2150,5768
2154,5768
2157,5768
2271,5768
2290,5768
2298,5768
2306,5768
2421,5768
2453,5768
2477,5768
2599,5768
2620,5768
2661,5768
2672,5768
2728,5768
2774,5768
2778,5768
2779,5768
2844,5768
2881,5768
3004,5768
3069,5768
3076,5768
3116,5768
3189,5768
3209,5768
3274,5768
3282,5768
3294,5768
3363,5768
3373,5768
3374,5768
3477,5768
3538,5768
3658,5768
3680,5768
3715,5768
3737,5768
3750,5768
3833,5768
3839,5768
3869,5768
3974,5768
4039,5768
4078,5768
4160,5768
4234,5768
4275,5768
4289,5768
4314,5768
4339,5768
4371,5768
4446,5768
4569,5768
4588,5768
4593,5768
4599,5768
4640,5768
4670,5768
4707,5768
4721,5768
4761,5768
4876,5768
5006,5768
5053,5768
5117,5768
5148,5768
5160,5768
5162,5768
5173,5768
5242,5768
5416,5768
5475,5768
5495,5768
5541,5768
5546,5768
5604,5768
5725,5768
5763,5768
5768,7138
5768,6186
5768,6754
5768,5768
5768,8783
5768,8320
5768,7011
5768,7167
5768,6952
5768,6544
5768,6029
5768,6876
5768,5853
5768,6547
5768,8396
5768,7877
5768,7323
5768,7784
5768,6832
5768,5843
5768,8584
5768,7767
5768,7109
5768,6041
5768,6679
5768,9175
5768,8251
5768,5873
5768,7710
5768,6315
5768,7160
5768,8362
5768,8774
5768,7373
5768,8817
5768,7253
5768,8926
5768,8981
5768,7376
5768,5816
5768,8397
5768,8050
5768,8923
5768,9030
5768,6616
5768,6501
5768,6245
5768,6181
5768,7170
5768,8582
5768,9082
5768,6874
5768,7557
5768,8962
5768,7130
5768,8038
5768,7537
5768,6021
5768,7632
5768,7065
5768,8695
5768,5946
5768,6943
5768,6131
5768,7995
5768,7342
5768,7243
5768,6908
5768,8191
38,8526
92,8526
175,8526
431,8526
510,8526
529,8526
614,8526
623,8526
659,8526
681,8526
699,8526
736,8526
798,8526
930,8526
962,8526
969,8526
976,8526
1065,8526
1110,8526
1111,8526
1116,8526
1170,8526
1216,8526
1235,8526
1283,8526
1308,8526
1350,8526
1415,8526
1436,8526
1496,8526
1534,8526
1715,8526
1782,8526
1827,8526
1854,8526
1873,8526
1894,8526
1931,8526
2154,8526
2330,8526
2333,8526
2384,8526
2455,8526
2459,8526
2509,8526
2651,8526
2667,8526
2824,8526
2863,8526
3097,8526
3129,8526
3140,8526
3179,8526
3322,8526
3400,8526
3440,8526
3486,8526
3493,8526
3556,8526
3564,8526
3565,8526
3570,8526
3654,8526
3700,8526
3937,8526
3994,8526
4078,8526
4142,8526
4151,8526
4237,8526
4314,8526
4428,8526
4431,8526
4458,8526
4506,8526
4602,8526
4623,8526
4670,8526
4693,8526
4707,8526
4758,8526
4761,8526
4768,8526
4860,8526
4861,8526
4910,8526
4914,8526
4978,8526
5089,8526
5100,8526
5162,8526
5163,8526
5220,8526
5241,8526
5242,8526
5546,8526
5662,8526
5752,8526
5775,8526
5831,8526
6029,8526
6041,8526
6067,8526
6337,8526
6392,8526
6435,8526
6449,8526
6564,8526
6579,8526
6623,8526
6636,8526
6647,8526
6723,8526
6802,8526
6965,8526
7022,8526
7170,8526
7174,8526
7243,8526
7280,8526
7308,8526
7323,8526
7357,8526
7376,8526
7420,8526
7466,8526
7475,8526
7633,8526
7661,8526
7729,8526
7742,8526
7790,8526
7811,8526
7869,8526
7892,8526
7920,8526
7946,8526
7992,8526
8006,8526
8016,8526
8021,8526
8230,8526
8247,8526
8268,8526
8364,8526
8396,8526
8491,8526
8503,8526
8526,8783
8526,9042
8526,9036
8526,8962
8526,8584
8526,9219
8526,9133
8526,8968
8526,8602
8526,9090
8526,8646
372,8828
814,8828
1030,8828
1556,8828
1928,8828
2818,8828
5053,8828
6708,8828
8828,8987
296,3526
3058,3526
3359,3526
3526,8298
3526,4493
3526,8896
3526,8423
3526,7871
3526,3993
3526,8737
3526,9149
3526,5724
99,6302
453,6302
2000,6302
4045,6302
4051,6302
5149,6302
5251,6302
5328,6302
5370,6302
5893,6302
6302,8159
6302,9125
6302,8893
6302,6818
430,4413
445,4413
448,4413
531,4413
3641,4413
4313,4413
4413,4990
4413,5639
4413,4947
4413,4650
4413,7226
4413,4819
4413,6281
4413,6017
173,1087
1087,7553
1087,5265
1087,6557
1087,6450
1087,8162
1087,8798
1087,2321
17,2661
32,2661
234,2661
258,2661
269,2661
270,2661
366,2661
401,2661
407,2661
414,2661
440,2661
498,2661
584,2661
614,2661
623,2661
722,2661
759,2661
798,2661
803,2661
969,2661
982,2661
1030,2661
1036,2661
1048,2661
1084,2661
1166,2661
1183,2661
1272,2661
1415,2661
1418,2661
1509,2661
1532,2661
1534,2661
1558,2661
1614,2661
1616,2661
1676,2661
1699,2661
1729,2661
1767,2661
1813,2661
1886,2661
1905,2661
1951,2661
2082,2661
2150,2661
2154,2661
2157,2661
2271,2661
2290,2661
2298,2661
2453,2661
2477,2661
2599,2661
2620,2661
2661,2774
2661,4446
2661,7011
2661,2844
2661,6876
2661,8582
2661,7784
2661,3538
2661,5763
2661,5475
2661,7710
2661,3294
2661,7373
2661,2728
2661,8926
2661,3373
2661,8783
2661,4160
2661,3374
2661,8320
2661,3116
2661,4289
2661,2881
2661,3737
2661,7167
2661,5768
2661,6952
2661,4721
2661,4339
2661,5495
2661,3839
2661,4371
2661,2672
2661,6544
2661,6029
2661,5053
2661,4670
2661,5853
2661,3974
2661,6547
2661,3477
2661,4599
2661,3209
2661,8396
2661,3658
2661,7877
2661,3715
2661,7323
2661,3069
2661,6832
2661,5843
2661,3274
2661,5117
2661,3869
2661,8584
2661,7767
2661,4876
2661,7109
2661,3833
2661,6041
2661,4275
2661,6679
2661,5173
2661,9175
2661,3004
2661,5416
2661,4569
2661,4640
2661,8251
2661,3076
2661,5873
2661,2778
2661,4234
2661,4593
2661,6315
2661,7160
2661,6186
2661,5162
2661,8362
2661,5006
2661,8774
2661,8817
2661,7253
2661,8981
2661,7376
2661,5541
2661,5816
2661,5725
2661,8397
2661,8050
2661,8923
2661,4078
2661,9030
2661,4314
2661,3189
2661,3680
2661,6616
2661,3363
2661,6501
2661,6245
2661,6181
2661,4588
2661,7170
2661,9082
2661,6874
2661,7557
2661,8962
2661,4707
2661,7130
2661,5242
2661,8038
2661,7537
2661,6021
2661,7632
2661,5160
2661,7065
2661,8885
17,6943
32,6943
121,6943
258,6943
267,6943
270,6943
366,6943
395,6943
407,6943
498,6943
584,6943
614,6943
623,6943
722,6943
798,6943
803,6943
814,6943
1029,6943
1030,6943
1036,6943
1047,6943
1048,6943
1070,6943
1084,6943
1183,6943
1236,6943
1241,6943
1247,6943
1295,6943
1415,6943
1418,6943
1509,6943
1532,6943
1534,6943
1659,6943
1676,6943
1699,6943
1728,6943
1767,6943
1886,6943
1905,6943
1909,6943
1913,6943
1951,6943
2070,6943
2082,6943
2154,6943
2157,6943
2271,6943
2290,6943
2298,6943
2306,6943
2453,6943
2473,6943
2501,6943
2672,6943
2774,6943
2778,6943
2779,6943
3076,6943
3098,6943
3101,6943
3123,6943
3274,6943
3282,6943
3345,6943
3363,6943
3374,6943
3453,6943
3538,6943
3715,6943
3750,6943
3833,6943
3869,6943
4078,6943
4234,6943
4275,6943
4314,6943
4324,6943
4339,6943
4340,6943
4429,6943
4588,6943
4599,6943
4640,6943
4670,6943
4707,6943
4721,6943
4761,6943
4876,6943
5006,6943
5078,6943
5162,6943
5416,6943
5479,6943
5495,6943
5541,6943
5546,6943
5604,6943
5725,6943
5768,6943
5816,6943
5853,6943
5866,6943
5946,6943
5971,6943
6021,6943
6041,6943
6131,6943
6186,6943
6245,6943
6315,6943
6328,6943
6501,6943
6544,6943
6616,6943
6647,6943
6749,6943
6832,6943
6866,6943
6876,6943
6897,6943
6908,6943
6943,8301
6943,7376
6943,7011
6943,7350
6943,6952
6943,8876
6943,8923
6943,9185
6943,8375
6943,9030
6943,7926
6943,7323
6943,7963
6943,8584
6943,7342
6943,9219
6943,7537
6943,7790
6943,7710
6943,7160
6943,7065
6943,8926
6943,8981
6943,8783
6943,8695
6943,8397
6943,8582
6943,7995
6943,7784
6943,7243
6943,8191
6943,7373
6943,8510
6943,8158
6943,8196
6943,8791
6943,7435
6943,6943
347,6242
641,6242
706,6242
851,6242
1501,6242
1564,6242
1714,6242
1951,6242
2419,6242
2698,6242
2791,6242
2963,6242
3049,6242
3211,6242
3456,6242
3917,6242
3988,6242
4174,6242
4275,6242
4664,6242
5394,6242
5580,6242
5813,6242
6102,6242
6181,6242
6242,6901
6242,8730
6242,6270
6242,6789
6242,6875
6242,9089
6242,7170
6242,8618
6242,7032
6242,7683
6242,6383
6242,7922
6242,8708
6242,7104
6242,8771
6242,6871
6242,6301
6242,7245
6242,6954
17,2306
32,2306
121,2306
258,2306
267,2306
270,2306
366,2306
407,2306
498,2306
584,2306
614,2306
623,2306
722,2306
798,2306
803,2306
814,2306
1030,2306
1036,2306
1048,2306
1070,2306
1084,2306
1183,2306
1236,2306
1241,2306
1415,2306
1418,2306
1509,2306
1532,2306
1534,2306
1676,2306
1699,2306
1728,2306
1767,2306
1886,2306
1905,2306
1909,2306
1913,2306
1951,2306
2070,2306
2082,2306
2154,2306
2157,2306
2271,2306
2290,2306
2298,2306
2306,2774
2306,8301
2306,3374
2306,5866
2306,7376
2306,6749
2306,5816
2306,7011
2306,5725
2306,7350
2306,6952
2306,4721
2306,4761
2306,6943
2306,4429
2306,5495
2306,2672
2306,8876
2306,6876
2306,2453
2306,4670
2306,5853
2306,8923
2306,9185
2306,8375
2306,4599
2306,4078
2306,9030
2306,7926
2306,3715
2306,7323
2306,5604
2306,3098
2306,3538
2306,7963
2306,4314
2306,3453
2306,5078
2306,4340
2306,3274
2306,3869
2306,8584
2306,6647
2306,5479
2306,7342
2306,4876
2306,3833
2306,6897
2306,9219
2306,7537
2306,7790
2306,6866
2306,6021
2306,3123
2306,5416
2306,4640
2306,2778
2306,7710
2306,6328
2306,6315
2306,5971
2306,2473
2306,7160
2306,6186
2306,5162
2306,7065
2306,8926
2306,8981
2306,8783
2306,6245
2306,8695
2306,5541
2306,3282
2306,5946
2306,4588
2306,5768
2306,5546
2306,8397
2306,4339
2306,6544
2306,6131
2306,8582
2306,7995
2306,7784
2306,6832
2306,4707
2306,6616
2306,6041
2306,4275
2306,7243
2306,2779
2306,3076
2306,4234
2306,3750
2306,6908
2306,3363
2306,8191
2306,6501
2306,5006
2306,7373
429,4271
1205,4271
1674,4271
2445,4271
2642,4271
3404,4271
3434,4271
3497,4271
3604,4271
4061,4271
4271,8080
4271,6062
4271,8470
4271,8270
4271,6675
4271,8549
4271,8641
4271,6103
4271,7973
4271,4731
4271,5327
4271,9144
4271,9045
4271,5292
4271,8217
4271,7555
4271,5489
4271,7023
349,7895
482,7895
1632,7895
1670,7895
1725,7895
1745,7895
2137,7895
3217,7895
4336,7895
5471,7895
6611,7895
6638,7895
7177,7895
7484,7895
7805,7895
7895,8546
7895,7943
54,6638
349,6638
482,6638
987,6638
1632,6638
1670,6638
1725,6638
1745,6638
2137,6638
2928,6638
3217,6638
3621,6638
4055,6638
4336,6638
4355,6638
5046,6638
5471,6638
6190,6638
6611,6638
6638,8546
6638,7895
6638,7484
6638,7805
6638,7943
6638,7177
6638,6718
6638,7611
6638,8541
6638,7408
6638,9053
6638,8607
6638,6840
4476,4952
4952,8278
4952,6694
4952,4952
43,4596
305,4596
1701,4596
1810,4596
1900,4596
3896,4596
4033,4596
4077,4596
4596,5272
4596,9179
4596,8590
4596,7941
4596,6145
4596,4596
347,641
641,7922
641,6980
641,2331
641,6901
641,706
641,8730
641,6270
641,6789
641,6181
641,6875
641,2963
641,5580
641,9089
641,7170
641,5394
641,8618
641,1564
641,7032
641,1501
641,7683
641,6383
641,4664
641,6242
641,6102
641,3211
641,3917
641,1951
641,3049
641,8708
641,7104
641,8771
641,851
641,5813
641,3988
641,2791
641,4275
641,2698
641,6871
641,1714
641,6301
641,7245
641,2419
641,3456
641,6954
641,4174
68,8581
78,8581
212,8581
236,8581
480,8581
597,8581
832,8581
900,8581
916,8581
1113,8581
1579,8581
1750,8581
1938,8581
2011,8581
2083,8581
2603,8581
2776,8581
3189,8581
3286,8581
3573,8581
3639,8581
3679,8581
3714,8581
3876,8581
4007,8581
4143,8581
4290,8581
4299,8581
4472,8581
5048,8581
5067,8581
5109,8581
5260,8581
5802,8581
6575,8581
6576,8581
6753,8581
6786,8581
6800,8581
7125,8581
7142,8581
7148,8581
7447,8581
7571,8581
7723,8581
7948,8581
7966,8581
8096,8581
8390,8581
8536,8581
8581,8907
8581,9190
8581,8935
8581,9208
8581,8645
8581,8809
8581,8631
17,5053
32,5053
234,5053
269,5053
270,5053
271,5053
366,5053
401,5053
414,5053
440,5053
498,5053
579,5053
584,5053
614,5053
623,5053
721,5053
759,5053
789,5053
796,5053
798,5053
982,5053
1030,5053
1048,5053
1084,5053
1166,5053
1249,5053
1271,5053
1272,5053
1317,5053
1387,5053
1397,5053
1415,5053
1418,5053
1509,5053
1532,5053
1534,5053
1558,5053
1614,5053
1616,5053
1653,5053
1676,5053
1729,5053
1767,5053
1813,5053
1837,5053
1886,5053
1951,5053
2003,5053
2082,5053
2150,5053
2152,5053
2154,5053
2157,5053
2213,5053
2271,5053
2290,5053
2298,5053
2453,5053
2457,5053
2472,5053
2477,5053
2576,5053
2599,5053
2620,5053
2661,5053
2672,5053
2728,5053
2774,5053
2778,5053
2818,5053
2844,5053
2881,5053
2954,5053
3004,5053
3035,5053
3069,5053
3076,5053
3116,5053
3193,5053
3202,5053
3209,5053
3274,5053
3294,5053
3344,5053
3369,5053
3373,5053
3374,5053
3477,5053
3539,5053
3542,5053
3658,5053
3715,5053
3732,5053
3737,5053
3832,5053
3833,5053
3839,5053
3860,5053
3869,5053
3956,5053
3974,5053
4114,5053
4160,5053
4234,5053
4275,5053
4289,5053
4339,5053
4350,5053
4365,5053
4371,5053
4388,5053
4446,5053
4555,5053
4569,5053
4593,5053
4599,5053
4600,5053
4640,5053
4670,5053
4675,5053
4721,5053
4818,5053
4871,5053
4876,5053
5006,5053
5020,5053
5053,8783
5053,8320
5053,7011
5053,7167
5053,5768
5053,6952
5053,5495
5053,6544
5053,6029
5053,6876
5053,5853
5053,6547
5053,8396
5053,7877
5053,7323
5053,7784
5053,6832
5053,5843
5053,5117
5053,8584
5053,5763
5053,7767
5053,7109
5053,6041
5053,6679
5053,5173
5053,9175
5053,5416
5053,5475
5053,8251
5053,5873
5053,7710
5053,6315
5053,7160
5053,6186
5053,5162
5053,8362
5053,8774
5053,7373
5053,8817
5053,7253
5053,8926
5053,8981
5053,8841
5053,6594
5053,8828
5053,5439
5053,7258
5053,8382
5053,6181
5053,6204
5053,8618
5053,5844
5053,5337
5053,8982
5053,8728
5053,6304
5053,6209
5053,7482
5053,8332
5053,6268
5053,6028
5053,7864
5053,5123
5053,8123
5053,7189
5053,5612
5053,6498
5053,9216
